timestamp,dataset,index,config,param,queries,k,recall,p50_ms,p95_ms,p99_ms,qps,build_s,settle_s,heap_total_mib,vectors_mib,index_mib,disk_mib,notes
2026-08-08T00:20:01+02:00,wikidpr-1M-e5.bin,rq-hnsw,"rq8 build=768 query=768 uncentered 784B/code rescore=0",128,1000,10,0.9687,0.654,0.988,1.117,1499.42,107.0,0.0,1505.9,747.7,205.1,0.0,"graph: 33659853 edges, 100979520 conn bytes, 114049664 overhead bytes"
2026-08-08T00:20:03+02:00,wikidpr-1M-e5.bin,rq-hnsw,"rq8 build=768 query=768 uncentered 784B/code rescore=0",512,1000,10,0.9794,2.245,3.236,3.675,446.96,107.0,0.0,1505.9,747.7,205.1,0.0,"graph: 33659853 edges, 100979520 conn bytes, 114049664 overhead bytes"
2026-08-08T00:20:04+02:00,wikidpr-1M-e5.bin,rq-hnsw,"rq8 build=768 query=768 uncentered 784B/code rescore=100",128,1000,10,0.9813,0.757,1.121,1.270,1296.80,107.0,0.0,1505.9,747.7,205.1,0.0,"graph: 33659853 edges, 100979520 conn bytes, 114049664 overhead bytes"
2026-08-08T00:20:07+02:00,wikidpr-1M-e5.bin,rq-hnsw,"rq8 build=768 query=768 uncentered 784B/code rescore=100",512,1000,10,0.9933,2.371,3.515,3.914,419.72,107.0,0.0,1505.9,747.7,205.1,0.0,"graph: 33659853 edges, 100979520 conn bytes, 114049664 overhead bytes"
2026-08-08T00:20:07+02:00,wikidpr-1M-e5.bin,rq-hnsw-window,"rq8 build=768 query=768 uncentered window-search",0,1000,10,0.9687,0.667,1.009,1.148,1474.97,107.0,0.0,1505.9,747.7,205.1,0.0,"ef=128"
2026-08-08T00:20:08+02:00,wikidpr-1M-e5.bin,rq-hnsw-window,"rq8 build=768 query=768 uncentered window-search",10,1000,10,0.9687,0.660,0.974,1.132,1498.99,107.0,0.0,1505.9,747.7,205.1,0.0,"ef=128"
2026-08-08T00:20:09+02:00,wikidpr-1M-e5.bin,rq-hnsw-window,"rq8 build=768 query=768 uncentered window-search",20,1000,10,0.9814,0.667,0.967,1.091,1485.00,107.0,0.0,1505.9,747.7,205.1,0.0,"ef=128"
2026-08-08T00:20:14+02:00,wikidpr-1M-e5.bin,rq-hnsw,"rq8 build=768 query=512 uncentered 528B/code rescore=0",128,1000,10,0.5777,0.615,0.899,1.045,1609.12,107.0,0.0,1505.9,503.5,205.1,0.0,"graph: 33659853 edges, 100979520 conn bytes, 114049664 overhead bytes"
2026-08-08T00:20:16+02:00,wikidpr-1M-e5.bin,rq-hnsw,"rq8 build=768 query=512 uncentered 528B/code rescore=0",512,1000,10,0.5807,2.102,2.974,3.332,478.01,107.0,0.0,1505.9,503.5,205.1,0.0,"graph: 33659853 edges, 100979520 conn bytes, 114049664 overhead bytes"
2026-08-08T00:20:16+02:00,wikidpr-1M-e5.bin,rq-hnsw,"rq8 build=768 query=512 uncentered 528B/code rescore=100",128,1000,10,0.9418,0.705,1.002,1.092,1408.48,107.0,0.0,1505.9,503.5,205.1,0.0,"graph: 33659853 edges, 100979520 conn bytes, 114049664 overhead bytes"
2026-08-08T00:20:19+02:00,wikidpr-1M-e5.bin,rq-hnsw,"rq8 build=768 query=512 uncentered 528B/code rescore=100",512,1000,10,0.9553,2.202,3.074,3.459,454.93,107.0,0.0,1505.9,503.5,205.1,0.0,"graph: 33659853 edges, 100979520 conn bytes, 114049664 overhead bytes"
2026-08-08T00:20:19+02:00,wikidpr-1M-e5.bin,rq-hnsw-window,"rq8 build=768 query=512 uncentered window-search",0,1000,10,0.5777,0.610,0.864,0.976,1646.61,107.0,0.0,1505.9,503.5,205.1,0.0,"ef=128"
2026-08-08T00:20:20+02:00,wikidpr-1M-e5.bin,rq-hnsw-window,"rq8 build=768 query=512 uncentered window-search",10,1000,10,0.5777,0.627,0.904,1.022,1587.54,107.0,0.0,1505.9,503.5,205.1,0.0,"ef=128"
2026-08-08T00:20:20+02:00,wikidpr-1M-e5.bin,rq-hnsw-window,"rq8 build=768 query=512 uncentered window-search",20,1000,10,0.7595,0.618,0.873,1.004,1610.26,107.0,0.0,1505.9,503.5,205.1,0.0,"ef=128"
2026-08-08T00:20:21+02:00,wikidpr-1M-e5.bin,rq-hnsw-window,"rq8 build=768 query=512 uncentered window-search",40,1000,10,0.8751,0.629,0.882,1.025,1573.57,107.0,0.0,1505.9,503.5,205.1,0.0,"ef=128"
2026-08-08T00:20:22+02:00,wikidpr-1M-e5.bin,rq-hnsw-window,"rq8 build=768 query=512 uncentered window-search",80,1000,10,0.9304,0.664,0.931,1.048,1496.59,107.0,0.0,1505.9,503.5,205.1,0.0,"ef=128"
2026-08-08T00:20:22+02:00,wikidpr-1M-e5.bin,rq-hnsw-window,"rq8 build=768 query=512 uncentered window-search",160,1000,10,0.9489,0.724,1.026,1.170,1365.55,107.0,0.0,1505.9,503.5,205.1,0.0,"ef=128"
2026-08-08T00:20:23+02:00,wikidpr-1M-e5.bin,rq-hnsw-window,"rq8 build=768 query=512 uncentered window-search",320,1000,10,0.9489,0.717,0.993,1.098,1392.55,107.0,0.0,1505.9,503.5,205.1,0.0,"ef=128"
2026-08-08T00:20:24+02:00,wikidpr-1M-e5.bin,rq-hnsw-window,"rq8 build=768 query=512 uncentered window-search",640,1000,10,0.9489,0.720,0.996,1.110,1381.84,107.0,0.0,1505.9,503.5,205.1,0.0,"ef=128"
2026-08-08T00:20:25+02:00,wikidpr-1M-e5.bin,rq-hnsw-window,"rq8 build=768 query=512 uncentered window-search",1280,1000,10,0.9489,0.727,1.026,1.162,1368.36,107.0,0.0,1505.9,503.5,205.1,0.0,"ef=128"
2026-08-08T00:20:29+02:00,wikidpr-1M-e5.bin,rq-hnsw,"rq8 build=768 query=384 uncentered 400B/code rescore=0",128,1000,10,0.4200,0.587,0.843,0.959,1690.55,107.0,0.0,1505.9,381.5,205.1,0.0,"graph: 33659853 edges, 100979520 conn bytes, 114049664 overhead bytes"
2026-08-08T00:20:31+02:00,wikidpr-1M-e5.bin,rq-hnsw,"rq8 build=768 query=384 uncentered 400B/code rescore=0",512,1000,10,0.4186,2.061,2.924,3.306,484.54,107.0,0.0,1505.9,381.5,205.1,0.0,"graph: 33659853 edges, 100979520 conn bytes, 114049664 overhead bytes"
2026-08-08T00:20:32+02:00,wikidpr-1M-e5.bin,rq-hnsw,"rq8 build=768 query=384 uncentered 400B/code rescore=100",128,1000,10,0.8379,0.675,0.948,1.073,1466.22,107.0,0.0,1505.9,381.5,205.1,0.0,"graph: 33659853 edges, 100979520 conn bytes, 114049664 overhead bytes"
2026-08-08T00:20:34+02:00,wikidpr-1M-e5.bin,rq-hnsw,"rq8 build=768 query=384 uncentered 400B/code rescore=100",512,1000,10,0.8357,2.115,2.938,3.393,472.14,107.0,0.0,1505.9,381.5,205.1,0.0,"graph: 33659853 edges, 100979520 conn bytes, 114049664 overhead bytes"
2026-08-08T00:20:35+02:00,wikidpr-1M-e5.bin,rq-hnsw-window,"rq8 build=768 query=384 uncentered window-search",0,1000,10,0.4200,0.619,0.910,1.109,1594.27,107.0,0.0,1505.9,381.5,205.1,0.0,"ef=128"
2026-08-08T00:20:35+02:00,wikidpr-1M-e5.bin,rq-hnsw-window,"rq8 build=768 query=384 uncentered window-search",10,1000,10,0.4200,0.644,0.955,1.089,1518.78,107.0,0.0,1505.9,381.5,205.1,0.0,"ef=128"
2026-08-08T00:20:36+02:00,wikidpr-1M-e5.bin,rq-hnsw-window,"rq8 build=768 query=384 uncentered window-search",20,1000,10,0.5749,0.704,1.069,1.399,1390.44,107.0,0.0,1505.9,381.5,205.1,0.0,"ef=128"
2026-08-08T00:20:37+02:00,wikidpr-1M-e5.bin,rq-hnsw-window,"rq8 build=768 query=384 uncentered window-search",40,1000,10,0.7070,0.747,1.118,1.279,1314.42,107.0,0.0,1505.9,381.5,205.1,0.0,"ef=128"
2026-08-08T00:20:38+02:00,wikidpr-1M-e5.bin,rq-hnsw-window,"rq8 build=768 query=384 uncentered window-search",80,1000,10,0.8096,0.750,1.053,1.227,1320.87,107.0,0.0,1505.9,381.5,205.1,0.0,"ef=128"
2026-08-08T00:20:38+02:00,wikidpr-1M-e5.bin,rq-hnsw-window,"rq8 build=768 query=384 uncentered window-search",160,1000,10,0.8639,0.798,1.111,1.239,1247.88,107.0,0.0,1505.9,381.5,205.1,0.0,"ef=128"
2026-08-08T00:20:39+02:00,wikidpr-1M-e5.bin,rq-hnsw-window,"rq8 build=768 query=384 uncentered window-search",320,1000,10,0.8639,0.852,1.324,1.610,1141.22,107.0,0.0,1505.9,381.5,205.1,0.0,"ef=128"
2026-08-08T00:20:40+02:00,wikidpr-1M-e5.bin,rq-hnsw-window,"rq8 build=768 query=384 uncentered window-search",640,1000,10,0.8639,0.806,1.177,1.376,1211.76,107.0,0.0,1505.9,381.5,205.1,0.0,"ef=128"
2026-08-08T00:20:41+02:00,wikidpr-1M-e5.bin,rq-hnsw-window,"rq8 build=768 query=384 uncentered window-search",1280,1000,10,0.8640,0.781,1.122,1.357,1249.98,107.0,0.0,1505.9,381.5,205.1,0.0,"ef=128"
2026-08-08T00:22:26+02:00,wikidpr-1M-e5.bin,rq-hnsw,"rq1 build=768 query=768 centered 112B/code rescore=0",128,1000,10,0.6877,0.593,0.854,0.960,1673.58,102.2,0.0,760.2,106.8,203.9,0.0,"graph: 33237639 edges, 99712872 conn bytes, 114058208 overhead bytes"
2026-08-08T00:22:28+02:00,wikidpr-1M-e5.bin,rq-hnsw,"rq1 build=768 query=768 centered 112B/code rescore=0",512,1000,10,0.6966,2.063,2.884,3.291,490.24,102.2,0.0,760.2,106.8,203.9,0.0,"graph: 33237639 edges, 99712872 conn bytes, 114058208 overhead bytes"
2026-08-08T00:22:29+02:00,wikidpr-1M-e5.bin,rq-hnsw,"rq1 build=768 query=768 centered 112B/code rescore=100",128,1000,10,0.9596,0.700,0.990,1.139,1420.22,102.2,0.0,760.2,106.8,203.9,0.0,"graph: 33237639 edges, 99712872 conn bytes, 114058208 overhead bytes"
2026-08-08T00:22:31+02:00,wikidpr-1M-e5.bin,rq-hnsw,"rq1 build=768 query=768 centered 112B/code rescore=100",512,1000,10,0.9824,2.212,3.112,3.437,456.66,102.2,0.0,760.2,106.8,203.9,0.0,"graph: 33237639 edges, 99712872 conn bytes, 114058208 overhead bytes"
2026-08-08T00:22:32+02:00,wikidpr-1M-e5.bin,rq-hnsw-window,"rq1 build=768 query=768 centered window-search",0,1000,10,0.6877,0.586,0.839,0.954,1701.37,102.2,0.0,760.2,106.8,203.9,0.0,"ef=128"
2026-08-08T00:22:33+02:00,wikidpr-1M-e5.bin,rq-hnsw-window,"rq1 build=768 query=768 centered window-search",10,1000,10,0.6877,0.603,0.865,0.983,1647.04,102.2,0.0,760.2,106.8,203.9,0.0,"ef=128"
2026-08-08T00:22:33+02:00,wikidpr-1M-e5.bin,rq-hnsw-window,"rq1 build=768 query=768 centered window-search",20,1000,10,0.8648,0.619,0.870,0.978,1615.15,102.2,0.0,760.2,106.8,203.9,0.0,"ef=128"
2026-08-08T00:22:34+02:00,wikidpr-1M-e5.bin,rq-hnsw-window,"rq1 build=768 query=768 centered window-search",40,1000,10,0.9352,0.656,0.948,1.115,1504.65,102.2,0.0,760.2,106.8,203.9,0.0,"ef=128"
2026-08-08T00:22:34+02:00,wikidpr-1M-e5.bin,rq-hnsw-window,"rq1 build=768 query=768 centered window-search",80,1000,10,0.9567,0.673,0.941,1.071,1485.26,102.2,0.0,760.2,106.8,203.9,0.0,"ef=128"
2026-08-08T00:22:35+02:00,wikidpr-1M-e5.bin,rq-hnsw-window,"rq1 build=768 query=768 centered window-search",160,1000,10,0.9618,0.710,1.003,1.125,1406.22,102.2,0.0,760.2,106.8,203.9,0.0,"ef=128"
2026-08-08T00:22:36+02:00,wikidpr-1M-e5.bin,rq-hnsw-window,"rq1 build=768 query=768 centered window-search",320,1000,10,0.9617,0.746,1.084,1.232,1317.48,102.2,0.0,760.2,106.8,203.9,0.0,"ef=128"
2026-08-08T00:22:37+02:00,wikidpr-1M-e5.bin,rq-hnsw-window,"rq1 build=768 query=768 centered window-search",640,1000,10,0.9618,0.714,0.993,1.139,1399.18,102.2,0.0,760.2,106.8,203.9,0.0,"ef=128"
2026-08-08T00:22:37+02:00,wikidpr-1M-e5.bin,rq-hnsw-window,"rq1 build=768 query=768 centered window-search",1280,1000,10,0.9617,0.711,1.009,1.124,1395.62,102.2,0.0,760.2,106.8,203.9,0.0,"ef=128"
2026-08-08T00:22:41+02:00,wikidpr-1M-e5.bin,rq-hnsw,"rq1 build=768 query=512 centered 80B/code rescore=0",128,1000,10,0.5568,0.562,0.800,0.908,1760.23,102.2,0.0,760.2,76.3,203.9,0.0,"graph: 33237639 edges, 99712872 conn bytes, 114058208 overhead bytes"
2026-08-08T00:22:43+02:00,wikidpr-1M-e5.bin,rq-hnsw,"rq1 build=768 query=512 centered 80B/code rescore=0",512,1000,10,0.5628,1.944,2.682,3.244,508.67,102.2,0.0,760.2,76.3,203.9,0.0,"graph: 33237639 edges, 99712872 conn bytes, 114058208 overhead bytes"
2026-08-08T00:22:44+02:00,wikidpr-1M-e5.bin,rq-hnsw,"rq1 build=768 query=512 centered 80B/code rescore=100",128,1000,10,0.9242,0.633,0.888,1.029,1555.18,102.2,0.0,760.2,76.3,203.9,0.0,"graph: 33237639 edges, 99712872 conn bytes, 114058208 overhead bytes"
2026-08-08T00:22:46+02:00,wikidpr-1M-e5.bin,rq-hnsw,"rq1 build=768 query=512 centered 80B/code rescore=100",512,1000,10,0.9411,2.061,2.823,3.164,489.21,102.2,0.0,760.2,76.3,203.9,0.0,"graph: 33237639 edges, 99712872 conn bytes, 114058208 overhead bytes"
2026-08-08T00:22:47+02:00,wikidpr-1M-e5.bin,rq-hnsw-window,"rq1 build=768 query=512 centered window-search",0,1000,10,0.5568,0.542,0.764,0.871,1837.44,102.2,0.0,760.2,76.3,203.9,0.0,"ef=128"
2026-08-08T00:22:47+02:00,wikidpr-1M-e5.bin,rq-hnsw-window,"rq1 build=768 query=512 centered window-search",10,1000,10,0.5568,0.550,0.756,0.839,1817.62,102.2,0.0,760.2,76.3,203.9,0.0,"ef=128"
2026-08-08T00:22:48+02:00,wikidpr-1M-e5.bin,rq-hnsw-window,"rq1 build=768 query=512 centered window-search",20,1000,10,0.7352,0.573,0.799,0.914,1733.59,102.2,0.0,760.2,76.3,203.9,0.0,"ef=128"
2026-08-08T00:22:48+02:00,wikidpr-1M-e5.bin,rq-hnsw-window,"rq1 build=768 query=512 centered window-search",40,1000,10,0.8497,0.604,0.849,0.998,1635.01,102.2,0.0,760.2,76.3,203.9,0.0,"ef=128"
2026-08-08T00:22:49+02:00,wikidpr-1M-e5.bin,rq-hnsw-window,"rq1 build=768 query=512 centered window-search",80,1000,10,0.9117,0.606,0.824,0.938,1642.44,102.2,0.0,760.2,76.3,203.9,0.0,"ef=128"
2026-08-08T00:22:50+02:00,wikidpr-1M-e5.bin,rq-hnsw-window,"rq1 build=768 query=512 centered window-search",160,1000,10,0.9345,0.681,0.921,1.052,1467.61,102.2,0.0,760.2,76.3,203.9,0.0,"ef=128"
2026-08-08T00:22:50+02:00,wikidpr-1M-e5.bin,rq-hnsw-window,"rq1 build=768 query=512 centered window-search",320,1000,10,0.9344,0.667,0.939,1.109,1473.78,102.2,0.0,760.2,76.3,203.9,0.0,"ef=128"
2026-08-08T00:22:51+02:00,wikidpr-1M-e5.bin,rq-hnsw-window,"rq1 build=768 query=512 centered window-search",640,1000,10,0.9346,0.645,0.869,0.984,1545.23,102.2,0.0,760.2,76.3,203.9,0.0,"ef=128"
2026-08-08T00:22:52+02:00,wikidpr-1M-e5.bin,rq-hnsw-window,"rq1 build=768 query=512 centered window-search",1280,1000,10,0.9346,0.645,0.867,0.990,1543.14,102.2,0.0,760.2,76.3,203.9,0.0,"ef=128"
2026-08-08T00:22:55+02:00,wikidpr-1M-e5.bin,rq-hnsw,"rq1 build=768 query=384 centered 64B/code rescore=0",128,1000,10,0.4700,0.478,0.655,0.749,2074.58,102.2,0.0,760.2,61.0,203.9,0.0,"graph: 33237639 edges, 99712872 conn bytes, 114058208 overhead bytes"
2026-08-08T00:22:57+02:00,wikidpr-1M-e5.bin,rq-hnsw,"rq1 build=768 query=384 centered 64B/code rescore=0",512,1000,10,0.4749,1.714,2.317,2.636,586.86,102.2,0.0,760.2,61.0,203.9,0.0,"graph: 33237639 edges, 99712872 conn bytes, 114058208 overhead bytes"
2026-08-08T00:22:57+02:00,wikidpr-1M-e5.bin,rq-hnsw,"rq1 build=768 query=384 centered 64B/code rescore=100",128,1000,10,0.8714,0.582,0.796,0.881,1710.58,102.2,0.0,760.2,61.0,203.9,0.0,"graph: 33237639 edges, 99712872 conn bytes, 114058208 overhead bytes"
2026-08-08T00:22:59+02:00,wikidpr-1M-e5.bin,rq-hnsw,"rq1 build=768 query=384 centered 64B/code rescore=100",512,1000,10,0.8830,1.855,2.535,2.946,538.78,102.2,0.0,760.2,61.0,203.9,0.0,"graph: 33237639 edges, 99712872 conn bytes, 114058208 overhead bytes"
2026-08-08T00:23:00+02:00,wikidpr-1M-e5.bin,rq-hnsw-window,"rq1 build=768 query=384 centered window-search",0,1000,10,0.4700,0.506,0.709,0.814,1953.47,102.2,0.0,760.2,61.0,203.9,0.0,"ef=128"
2026-08-08T00:23:00+02:00,wikidpr-1M-e5.bin,rq-hnsw-window,"rq1 build=768 query=384 centered window-search",10,1000,10,0.4700,0.522,0.736,0.864,1887.42,102.2,0.0,760.2,61.0,203.9,0.0,"ef=128"
2026-08-08T00:23:01+02:00,wikidpr-1M-e5.bin,rq-hnsw-window,"rq1 build=768 query=384 centered window-search",20,1000,10,0.6331,0.539,0.764,0.897,1824.31,102.2,0.0,760.2,61.0,203.9,0.0,"ef=128"
2026-08-08T00:23:01+02:00,wikidpr-1M-e5.bin,rq-hnsw-window,"rq1 build=768 query=384 centered window-search",40,1000,10,0.7656,0.557,0.763,0.886,1785.13,102.2,0.0,760.2,61.0,203.9,0.0,"ef=128"
2026-08-08T00:23:02+02:00,wikidpr-1M-e5.bin,rq-hnsw-window,"rq1 build=768 query=384 centered window-search",80,1000,10,0.8525,0.578,0.778,0.906,1724.31,102.2,0.0,760.2,61.0,203.9,0.0,"ef=128"
2026-08-08T00:23:03+02:00,wikidpr-1M-e5.bin,rq-hnsw-window,"rq1 build=768 query=384 centered window-search",160,1000,10,0.8901,0.639,0.878,1.067,1549.50,102.2,0.0,760.2,61.0,203.9,0.0,"ef=128"
2026-08-08T00:23:03+02:00,wikidpr-1M-e5.bin,rq-hnsw-window,"rq1 build=768 query=384 centered window-search",320,1000,10,0.8899,0.623,0.850,0.980,1593.08,102.2,0.0,760.2,61.0,203.9,0.0,"ef=128"
2026-08-08T00:23:04+02:00,wikidpr-1M-e5.bin,rq-hnsw-window,"rq1 build=768 query=384 centered window-search",640,1000,10,0.8899,0.591,0.802,0.902,1674.40,102.2,0.0,760.2,61.0,203.9,0.0,"ef=128"
2026-08-08T00:23:04+02:00,wikidpr-1M-e5.bin,rq-hnsw-window,"rq1 build=768 query=384 centered window-search",1280,1000,10,0.8900,0.624,0.850,0.966,1592.45,102.2,0.0,760.2,61.0,203.9,0.0,"ef=128"
2026-08-08T00:23:08+02:00,wikidpr-1M-e5.bin,rq-hnsw,"rq1 build=768 query=256 centered 48B/code rescore=0",128,1000,10,0.3627,0.533,0.737,0.823,1876.33,102.2,0.0,760.2,45.8,203.9,0.0,"graph: 33237639 edges, 99712872 conn bytes, 114058208 overhead bytes"
2026-08-08T00:23:10+02:00,wikidpr-1M-e5.bin,rq-hnsw,"rq1 build=768 query=256 centered 48B/code rescore=0",512,1000,10,0.3639,1.893,2.473,3.011,530.10,102.2,0.0,760.2,45.8,203.9,0.0,"graph: 33237639 edges, 99712872 conn bytes, 114058208 overhead bytes"
2026-08-08T00:23:10+02:00,wikidpr-1M-e5.bin,rq-hnsw,"rq1 build=768 query=256 centered 48B/code rescore=100",128,1000,10,0.7682,0.640,0.872,1.005,1553.38,102.2,0.0,760.2,45.8,203.9,0.0,"graph: 33237639 edges, 99712872 conn bytes, 114058208 overhead bytes"
2026-08-08T00:23:12+02:00,wikidpr-1M-e5.bin,rq-hnsw,"rq1 build=768 query=256 centered 48B/code rescore=100",512,1000,10,0.7698,2.006,2.638,2.892,502.12,102.2,0.0,760.2,45.8,203.9,0.0,"graph: 33237639 edges, 99712872 conn bytes, 114058208 overhead bytes"
2026-08-08T00:23:13+02:00,wikidpr-1M-e5.bin,rq-hnsw-window,"rq1 build=768 query=256 centered window-search",0,1000,10,0.3627,0.529,0.713,0.802,1899.05,102.2,0.0,760.2,45.8,203.9,0.0,"ef=128"
2026-08-08T00:23:13+02:00,wikidpr-1M-e5.bin,rq-hnsw-window,"rq1 build=768 query=256 centered window-search",10,1000,10,0.3627,0.566,0.789,0.958,1754.30,102.2,0.0,760.2,45.8,203.9,0.0,"ef=128"
2026-08-08T00:23:14+02:00,wikidpr-1M-e5.bin,rq-hnsw-window,"rq1 build=768 query=256 centered window-search",20,1000,10,0.4983,0.556,0.737,0.814,1813.54,102.2,0.0,760.2,45.8,203.9,0.0,"ef=128"
2026-08-08T00:23:15+02:00,wikidpr-1M-e5.bin,rq-hnsw-window,"rq1 build=768 query=256 centered window-search",40,1000,10,0.6272,0.586,0.818,2.153,1575.01,102.2,0.0,760.2,45.8,203.9,0.0,"ef=128"
2026-08-08T00:23:15+02:00,wikidpr-1M-e5.bin,rq-hnsw-window,"rq1 build=768 query=256 centered window-search",80,1000,10,0.7429,0.615,0.858,1.004,1604.16,102.2,0.0,760.2,45.8,203.9,0.0,"ef=128"
2026-08-08T00:23:16+02:00,wikidpr-1M-e5.bin,rq-hnsw-window,"rq1 build=768 query=256 centered window-search",160,1000,10,0.7976,0.634,0.822,0.923,1585.43,102.2,0.0,760.2,45.8,203.9,0.0,"ef=128"
2026-08-08T00:23:17+02:00,wikidpr-1M-e5.bin,rq-hnsw-window,"rq1 build=768 query=256 centered window-search",320,1000,10,0.7976,0.639,0.836,0.917,1570.09,102.2,0.0,760.2,45.8,203.9,0.0,"ef=128"
2026-08-08T00:23:17+02:00,wikidpr-1M-e5.bin,rq-hnsw-window,"rq1 build=768 query=256 centered window-search",640,1000,10,0.7977,0.655,0.875,1.117,1521.33,102.2,0.0,760.2,45.8,203.9,0.0,"ef=128"
2026-08-08T00:23:18+02:00,wikidpr-1M-e5.bin,rq-hnsw-window,"rq1 build=768 query=256 centered window-search",1280,1000,10,0.7976,0.649,0.869,0.980,1538.76,102.2,0.0,760.2,45.8,203.9,0.0,"ef=128"
