method,filter,family,size,b1,queries,recall_at_10,perfect_frac,sim_regret,p50_ms,p95_ms,p99_ms,allow_iter_p50_ms,stage1_p50_ms,stage2_p50_ms,stage3_p50_ms,stage1_mb_per_q,stage2_kb_per_q,stage3_kb_per_q
scan,negsparse_q0041_m50k,negsparse,50000,4096,1,0.6000,0.0000,0.00014,37.849,37.849,37.849,0.218,5.066,0.959,31.606,3.05,512.0,2100.0
scan,negsparse_q0041_m50k,negsparse,50000,32768,1,0.6000,0.0000,0.00014,19.643,19.643,19.643,0.224,6.802,8.867,3.751,3.05,4096.0,2100.0
scan,negsparse_q0041_m150k,negsparse,150000,4096,1,0.5000,0.0000,0.00004,31.787,31.787,31.787,0.629,12.842,1.023,17.293,9.16,512.0,2100.0
scan,negsparse_q0041_m150k,negsparse,150000,32768,1,0.5000,0.0000,0.00004,32.543,32.543,32.543,0.669,15.148,10.128,6.598,9.16,4096.0,2100.0
scan,negsparse_q0041_m300k,negsparse,300000,4096,1,0.1000,0.0000,0.00007,48.485,48.485,48.485,1.460,26.096,1.376,19.552,18.31,512.0,2100.0
scan,negsparse_q0041_m300k,negsparse,300000,32768,1,0.0000,0.0000,0.00008,54.846,54.846,54.846,1.493,31.058,13.369,8.925,18.31,4096.0,2100.0
scan,negsparse_q0041_m1m,negsparse,1000000,4096,1,0.0000,0.0000,0.00009,145.109,145.109,145.109,10.767,118.318,1.805,14.219,61.04,512.0,2100.0
scan,negsparse_q0041_m1m,negsparse,1000000,32768,1,0.0000,0.0000,0.00006,149.847,149.847,149.847,10.936,118.228,11.884,8.799,61.04,4096.0,2100.0
scan,negsparse_q0041_m2m,negsparse,2000000,4096,1,0.0000,0.0000,0.00005,230.383,230.383,230.383,17.797,194.800,1.797,15.988,122.07,512.0,2100.0
scan,negsparse_q0041_m2m,negsparse,2000000,32768,1,0.0000,0.0000,0.00005,231.387,231.387,231.387,16.797,192.887,11.522,10.181,122.07,4096.0,2100.0
scan,negsparse_q0041_m4m,negsparse,4000000,4096,1,0.1000,0.0000,0.00003,255.971,255.971,255.971,28.253,215.903,1.821,9.993,244.14,512.0,2100.0
scan,negsparse_q0041_m4m,negsparse,4000000,32768,1,0.1000,0.0000,0.00003,262.716,262.716,262.716,28.418,216.798,11.748,5.751,244.14,4096.0,2100.0
scan,negsparse_q0059_m50k,negsparse,50000,4096,1,0.9000,0.0000,0.00002,30.991,30.991,30.991,0.211,5.139,0.978,24.662,3.05,512.0,2100.0
scan,negsparse_q0059_m50k,negsparse,50000,32768,1,0.9000,0.0000,0.00002,19.324,19.324,19.324,0.230,6.105,9.628,3.361,3.05,4096.0,2100.0
scan,negsparse_q0059_m150k,negsparse,150000,4096,1,0.5000,0.0000,0.00005,36.159,36.159,36.159,0.627,13.266,1.505,20.760,9.16,512.0,2100.0
scan,negsparse_q0059_m150k,negsparse,150000,32768,1,0.5000,0.0000,0.00004,32.428,32.428,32.428,0.646,16.613,9.068,6.101,9.16,4096.0,2100.0
scan,negsparse_q0059_m300k,negsparse,300000,4096,1,0.3000,0.0000,0.00004,44.624,44.624,44.624,1.386,25.148,1.398,16.692,18.31,512.0,2100.0
scan,negsparse_q0059_m300k,negsparse,300000,32768,1,0.3000,0.0000,0.00004,47.477,47.477,47.477,1.480,28.654,10.483,6.859,18.31,4096.0,2100.0
scan,negsparse_q0059_m1m,negsparse,1000000,4096,1,0.1000,0.0000,0.00005,143.901,143.901,143.901,10.632,115.993,1.746,15.530,61.04,512.0,2100.0
scan,negsparse_q0059_m1m,negsparse,1000000,32768,1,0.4000,0.0000,0.00002,148.299,148.299,148.299,10.974,117.219,11.526,8.579,61.04,4096.0,2100.0
scan,negsparse_q0059_m2m,negsparse,2000000,4096,1,0.1000,0.0000,0.00010,223.099,223.099,223.099,16.427,192.828,1.826,12.017,122.07,512.0,2100.0
scan,negsparse_q0059_m2m,negsparse,2000000,32768,1,0.0000,0.0000,0.00008,236.198,236.198,236.198,17.048,195.647,11.721,11.781,122.07,4096.0,2100.0
scan,negsparse_q0059_m4m,negsparse,4000000,4096,1,0.0000,0.0000,0.00003,257.003,257.003,257.003,28.715,214.813,1.909,11.566,244.14,512.0,2100.0
scan,negsparse_q0059_m4m,negsparse,4000000,32768,1,0.1000,0.0000,0.00004,265.103,265.103,265.103,28.891,216.487,11.761,7.964,244.14,4096.0,2100.0
scan,negsparse_q0064_m50k,negsparse,50000,4096,1,1.0000,1.0000,0.00000,30.147,30.147,30.147,0.212,5.103,0.963,23.869,3.05,512.0,2100.0
scan,negsparse_q0064_m50k,negsparse,50000,32768,1,1.0000,1.0000,0.00000,20.221,20.221,20.221,0.220,5.948,9.333,4.721,3.05,4096.0,2100.0
scan,negsparse_q0064_m150k,negsparse,150000,4096,1,0.7000,0.0000,0.00003,36.590,36.590,36.590,0.630,13.124,1.468,21.368,9.16,512.0,2100.0
scan,negsparse_q0064_m150k,negsparse,150000,32768,1,0.4000,0.0000,0.00005,34.340,34.340,34.340,0.651,15.609,10.089,7.992,9.16,4096.0,2100.0
scan,negsparse_q0064_m300k,negsparse,300000,4096,1,0.3000,0.0000,0.00006,46.513,46.513,46.513,1.408,25.360,1.493,18.252,18.31,512.0,2100.0
scan,negsparse_q0064_m300k,negsparse,300000,32768,1,0.5000,0.0000,0.00003,46.747,46.747,46.747,1.437,27.662,10.788,6.859,18.31,4096.0,2100.0
scan,negsparse_q0064_m1m,negsparse,1000000,4096,1,0.3000,0.0000,0.00003,141.488,141.488,141.488,10.876,116.275,1.790,12.546,61.04,512.0,2100.0
scan,negsparse_q0064_m1m,negsparse,1000000,32768,1,0.2000,0.0000,0.00004,150.409,150.409,150.409,11.010,117.899,11.652,9.849,61.04,4096.0,2100.0
scan,negsparse_q0064_m2m,negsparse,2000000,4096,1,0.1000,0.0000,0.00004,227.694,227.694,227.694,16.815,194.171,1.733,14.975,122.07,512.0,2100.0
scan,negsparse_q0064_m2m,negsparse,2000000,32768,1,0.2000,0.0000,0.00002,228.424,228.424,228.424,16.441,192.818,12.026,7.139,122.07,4096.0,2100.0
scan,negsparse_q0064_m4m,negsparse,4000000,4096,1,0.0000,0.0000,0.00006,259.062,259.062,259.062,28.949,216.742,1.859,11.513,244.14,512.0,2100.0
scan,negsparse_q0064_m4m,negsparse,4000000,32768,1,0.0000,0.0000,0.00002,264.633,264.633,264.633,28.536,216.344,12.051,7.703,244.14,4096.0,2100.0
scan,negsparse_q0073_m50k,negsparse,50000,4096,1,0.6000,0.0000,0.00008,30.243,30.243,30.243,0.210,4.978,0.862,24.193,3.05,512.0,2100.0
scan,negsparse_q0073_m50k,negsparse,50000,32768,1,0.8000,0.0000,0.00006,17.526,17.526,17.526,0.219,5.180,8.017,4.110,3.05,4096.0,2100.0
scan,negsparse_q0073_m150k,negsparse,150000,4096,1,0.8000,0.0000,0.00003,34.919,34.919,34.919,0.624,12.897,1.131,20.267,9.16,512.0,2100.0
scan,negsparse_q0073_m150k,negsparse,150000,32768,1,0.7000,0.0000,0.00005,34.046,34.046,34.046,0.657,15.694,8.942,8.753,9.16,4096.0,2100.0
scan,negsparse_q0073_m300k,negsparse,300000,4096,1,0.2000,0.0000,0.00008,47.300,47.300,47.300,1.486,25.441,1.478,18.896,18.31,512.0,2100.0
scan,negsparse_q0073_m300k,negsparse,300000,32768,1,0.2000,0.0000,0.00005,45.857,45.857,45.857,1.517,26.482,10.752,7.106,18.31,4096.0,2100.0
scan,negsparse_q0073_m1m,negsparse,1000000,4096,1,0.1000,0.0000,0.00009,141.813,141.813,141.813,11.036,115.801,1.717,13.259,61.04,512.0,2100.0
scan,negsparse_q0073_m1m,negsparse,1000000,32768,1,0.2000,0.0000,0.00011,147.014,147.014,147.014,10.907,116.911,11.321,7.876,61.04,4096.0,2100.0
scan,negsparse_q0073_m2m,negsparse,2000000,4096,1,0.1000,0.0000,0.00007,221.965,221.965,221.965,16.735,193.047,1.752,10.431,122.07,512.0,2100.0
scan,negsparse_q0073_m2m,negsparse,2000000,32768,1,0.0000,0.0000,0.00005,231.287,231.287,231.287,16.963,193.327,12.000,8.997,122.07,4096.0,2100.0
scan,negsparse_q0073_m4m,negsparse,4000000,4096,1,0.0000,0.0000,0.00008,253.117,253.117,253.117,28.715,214.016,1.872,8.515,244.14,512.0,2100.0
scan,negsparse_q0073_m4m,negsparse,4000000,32768,1,0.0000,0.0000,0.00004,263.623,263.623,263.623,28.809,216.740,12.150,5.924,244.14,4096.0,2100.0
scan,negsparse_q0077_m50k,negsparse,50000,4096,1,0.8000,0.0000,0.00003,33.431,33.431,33.431,0.211,5.195,1.041,26.983,3.05,512.0,2100.0
scan,negsparse_q0077_m50k,negsparse,50000,32768,1,0.8000,0.0000,0.00005,22.849,22.849,22.849,0.223,7.365,9.114,6.147,3.05,4096.0,2100.0
scan,negsparse_q0077_m150k,negsparse,150000,4096,1,0.3000,0.0000,0.00008,32.402,32.402,32.402,0.629,13.390,1.367,17.015,9.16,512.0,2100.0
scan,negsparse_q0077_m150k,negsparse,150000,32768,1,0.3000,0.0000,0.00008,34.076,34.076,34.076,0.648,14.423,9.113,9.892,9.16,4096.0,2100.0
scan,negsparse_q0077_m300k,negsparse,300000,4096,1,0.0000,0.0000,0.00017,49.865,49.865,49.865,1.542,25.682,1.406,21.235,18.31,512.0,2100.0
scan,negsparse_q0077_m300k,negsparse,300000,32768,1,0.2000,0.0000,0.00009,49.416,49.416,49.416,1.560,28.368,10.685,8.803,18.31,4096.0,2100.0
scan,negsparse_q0077_m1m,negsparse,1000000,4096,1,0.1000,0.0000,0.00007,145.384,145.384,145.384,10.674,115.472,1.940,17.298,61.04,512.0,2100.0
scan,negsparse_q0077_m1m,negsparse,1000000,32768,1,0.0000,0.0000,0.00007,148.585,148.585,148.585,10.903,116.272,11.345,10.065,61.04,4096.0,2100.0
scan,negsparse_q0077_m2m,negsparse,2000000,4096,1,0.0000,0.0000,0.00008,224.491,224.491,224.491,16.506,192.197,1.854,13.934,122.07,512.0,2100.0
scan,negsparse_q0077_m2m,negsparse,2000000,32768,1,0.0000,0.0000,0.00007,229.521,229.521,229.521,16.619,192.244,12.028,8.630,122.07,4096.0,2100.0
scan,negsparse_q0077_m4m,negsparse,4000000,4096,1,0.1000,0.0000,0.00008,266.906,266.906,266.906,28.653,221.854,1.944,14.454,244.14,512.0,2100.0
scan,negsparse_q0077_m4m,negsparse,4000000,32768,1,0.2000,0.0000,0.00002,268.582,268.582,268.582,28.293,218.437,12.094,9.758,244.14,4096.0,2100.0
scan,negsparse_q0080_m50k,negsparse,50000,4096,1,1.0000,1.0000,0.00000,29.612,29.612,29.612,0.212,5.043,0.858,23.498,3.05,512.0,2100.0
scan,negsparse_q0080_m50k,negsparse,50000,32768,1,1.0000,1.0000,0.00000,21.206,21.206,21.206,0.219,6.801,7.984,6.201,3.05,4096.0,2100.0
scan,negsparse_q0080_m150k,negsparse,150000,4096,1,0.6000,0.0000,0.00007,37.515,37.515,37.515,0.678,12.825,1.070,22.942,9.16,512.0,2100.0
scan,negsparse_q0080_m150k,negsparse,150000,32768,1,0.7000,0.0000,0.00006,33.610,33.610,33.610,0.649,15.626,9.173,8.162,9.16,4096.0,2100.0
scan,negsparse_q0080_m300k,negsparse,300000,4096,1,0.2000,0.0000,0.00011,44.173,44.173,44.173,1.353,25.065,1.475,16.280,18.31,512.0,2100.0
scan,negsparse_q0080_m300k,negsparse,300000,32768,1,0.5000,0.0000,0.00008,46.815,46.815,46.815,1.380,27.980,10.011,7.443,18.31,4096.0,2100.0
scan,negsparse_q0080_m1m,negsparse,1000000,4096,1,0.1000,0.0000,0.00004,153.231,153.231,153.231,10.679,117.920,1.940,22.691,61.04,512.0,2100.0
scan,negsparse_q0080_m1m,negsparse,1000000,32768,1,0.3000,0.0000,0.00001,148.355,148.355,148.355,10.801,116.632,11.963,8.959,61.04,4096.0,2100.0
scan,negsparse_q0080_m2m,negsparse,2000000,4096,1,0.1000,0.0000,0.00005,229.284,229.284,229.284,16.516,192.956,1.875,17.937,122.07,512.0,2100.0
scan,negsparse_q0080_m2m,negsparse,2000000,32768,1,0.0000,0.0000,0.00005,232.793,232.793,232.793,16.641,192.039,12.018,12.094,122.07,4096.0,2100.0
scan,negsparse_q0080_m4m,negsparse,4000000,4096,1,0.0000,0.0000,0.00004,253.256,253.256,253.256,28.247,212.941,1.826,10.243,244.14,512.0,2100.0
scan,negsparse_q0080_m4m,negsparse,4000000,32768,1,0.0000,0.0000,0.00006,263.630,263.630,263.630,28.812,215.592,11.983,7.243,244.14,4096.0,2100.0
scan,negsparse_q0085_m50k,negsparse,50000,4096,1,0.4000,0.0000,0.00013,29.035,29.035,29.035,0.210,4.980,0.892,22.952,3.05,512.0,2100.0
scan,negsparse_q0085_m50k,negsparse,50000,32768,1,0.6000,0.0000,0.00005,19.348,19.348,19.348,0.221,4.440,8.775,5.913,3.05,4096.0,2100.0
scan,negsparse_q0085_m150k,negsparse,150000,4096,1,0.4000,0.0000,0.00006,32.855,32.855,32.855,0.673,12.984,1.131,18.066,9.16,512.0,2100.0
scan,negsparse_q0085_m150k,negsparse,150000,32768,1,0.6000,0.0000,0.00003,36.130,36.130,36.130,0.645,15.481,8.875,11.128,9.16,4096.0,2100.0
scan,negsparse_q0085_m300k,negsparse,300000,4096,1,0.6000,0.0000,0.00004,45.976,45.976,45.976,1.446,25.495,1.550,17.485,18.31,512.0,2100.0
scan,negsparse_q0085_m300k,negsparse,300000,32768,1,0.5000,0.0000,0.00004,51.847,51.847,51.847,1.490,27.964,10.062,12.330,18.31,4096.0,2100.0
scan,negsparse_q0085_m1m,negsparse,1000000,4096,1,0.0000,0.0000,0.00008,150.097,150.097,150.097,10.948,117.948,1.892,19.309,61.04,512.0,2100.0
scan,negsparse_q0085_m1m,negsparse,1000000,32768,1,0.0000,0.0000,0.00006,149.920,149.920,149.920,10.874,116.673,11.535,10.837,61.04,4096.0,2100.0
scan,negsparse_q0085_m2m,negsparse,2000000,4096,1,0.0000,0.0000,0.00004,230.205,230.205,230.205,16.543,194.015,1.787,17.860,122.07,512.0,2100.0
scan,negsparse_q0085_m2m,negsparse,2000000,32768,1,0.0000,0.0000,0.00003,228.883,228.883,228.883,16.568,192.392,11.623,8.300,122.07,4096.0,2100.0
scan,negsparse_q0085_m4m,negsparse,4000000,4096,1,0.0000,0.0000,0.00005,261.498,261.498,261.498,28.707,217.520,1.881,13.391,244.14,512.0,2100.0
scan,negsparse_q0085_m4m,negsparse,4000000,32768,1,0.0000,0.0000,0.00004,265.778,265.778,265.778,28.317,215.324,12.149,9.988,244.14,4096.0,2100.0
scan,negsparse_q0095_m50k,negsparse,50000,4096,1,0.8000,0.0000,0.00002,26.412,26.412,26.412,0.210,5.263,0.873,20.066,3.05,512.0,2100.0
scan,negsparse_q0095_m50k,negsparse,50000,32768,1,0.9000,0.0000,0.00001,20.103,20.103,20.103,0.219,5.613,7.836,6.435,3.05,4096.0,2100.0
scan,negsparse_q0095_m150k,negsparse,150000,4096,1,0.4000,0.0000,0.00009,34.860,34.860,34.860,0.628,12.784,1.093,20.355,9.16,512.0,2100.0
scan,negsparse_q0095_m150k,negsparse,150000,32768,1,0.4000,0.0000,0.00006,33.887,33.887,33.887,0.643,14.689,8.915,9.641,9.16,4096.0,2100.0
scan,negsparse_q0095_m300k,negsparse,300000,4096,1,0.5000,0.0000,0.00002,43.509,43.509,43.509,1.500,25.345,1.324,15.339,18.31,512.0,2100.0
scan,negsparse_q0095_m300k,negsparse,300000,32768,1,0.5000,0.0000,0.00002,48.493,48.493,48.493,1.592,28.792,10.307,7.803,18.31,4096.0,2100.0
scan,negsparse_q0095_m1m,negsparse,1000000,4096,1,0.2000,0.0000,0.00006,143.351,143.351,143.351,10.867,115.340,1.718,15.426,61.04,512.0,2100.0
scan,negsparse_q0095_m1m,negsparse,1000000,32768,1,0.3000,0.0000,0.00004,146.674,146.674,146.674,10.778,115.988,11.353,8.555,61.04,4096.0,2100.0
scan,negsparse_q0095_m2m,negsparse,2000000,4096,1,0.0000,0.0000,0.00010,225.894,225.894,225.894,16.716,194.273,1.933,12.972,122.07,512.0,2100.0
scan,negsparse_q0095_m2m,negsparse,2000000,32768,1,0.2000,0.0000,0.00002,230.778,230.778,230.778,16.642,192.368,12.308,9.459,122.07,4096.0,2100.0
scan,negsparse_q0095_m4m,negsparse,4000000,4096,1,0.0000,0.0000,0.00007,257.148,257.148,257.148,28.391,214.593,1.866,12.298,244.14,512.0,2100.0
scan,negsparse_q0095_m4m,negsparse,4000000,32768,1,0.0000,0.0000,0.00005,273.658,273.658,273.658,28.911,224.251,11.975,8.522,244.14,4096.0,2100.0
scan,negsparse_q0117_m50k,negsparse,50000,4096,1,0.7000,0.0000,0.00005,29.807,29.807,29.807,0.286,4.956,0.866,23.698,3.05,512.0,2100.0
scan,negsparse_q0117_m50k,negsparse,50000,32768,1,1.0000,1.0000,0.00000,21.054,21.054,21.054,0.222,5.638,8.194,7.000,3.05,4096.0,2100.0
scan,negsparse_q0117_m150k,negsparse,150000,4096,1,0.4000,0.0000,0.00008,33.836,33.836,33.836,0.623,12.912,1.200,19.100,9.16,512.0,2100.0
scan,negsparse_q0117_m150k,negsparse,150000,32768,1,0.6000,0.0000,0.00004,34.998,34.998,34.998,0.641,14.178,9.433,10.745,9.16,4096.0,2100.0
scan,negsparse_q0117_m300k,negsparse,300000,4096,1,0.4000,0.0000,0.00006,45.812,45.812,45.812,1.473,25.051,1.518,17.770,18.31,512.0,2100.0
scan,negsparse_q0117_m300k,negsparse,300000,32768,1,0.5000,0.0000,0.00003,48.263,48.263,48.263,1.433,26.726,9.535,10.570,18.31,4096.0,2100.0
scan,negsparse_q0117_m1m,negsparse,1000000,4096,1,0.1000,0.0000,0.00005,145.447,145.447,145.447,10.841,115.066,1.726,17.814,61.04,512.0,2100.0
scan,negsparse_q0117_m1m,negsparse,1000000,32768,1,0.2000,0.0000,0.00005,150.905,150.905,150.905,10.723,116.203,11.809,12.170,61.04,4096.0,2100.0
scan,negsparse_q0117_m2m,negsparse,2000000,4096,1,0.0000,0.0000,0.00009,224.766,224.766,224.766,16.477,191.854,1.890,14.544,122.07,512.0,2100.0
scan,negsparse_q0117_m2m,negsparse,2000000,32768,1,0.3000,0.0000,0.00004,239.649,239.649,239.649,16.804,192.926,13.150,16.769,122.07,4096.0,2100.0
scan,negsparse_q0117_m4m,negsparse,4000000,4096,1,0.0000,0.0000,0.00004,284.047,284.047,284.047,28.460,230.108,2.269,23.210,244.14,512.0,2100.0
scan,negsparse_q0117_m4m,negsparse,4000000,32768,1,0.2000,0.0000,0.00002,269.196,269.196,269.196,29.379,218.390,11.716,9.710,244.14,4096.0,2100.0
scan,negsparse_q0126_m50k,negsparse,50000,4096,1,1.0000,1.0000,0.00000,31.649,31.649,31.649,0.213,5.207,1.255,24.974,3.05,512.0,2100.0
scan,negsparse_q0126_m50k,negsparse,50000,32768,1,1.0000,1.0000,0.00000,24.221,24.221,24.221,0.221,6.950,9.629,7.420,3.05,4096.0,2100.0
scan,negsparse_q0126_m150k,negsparse,150000,4096,1,0.5000,0.0000,0.00007,39.372,39.372,39.372,0.642,13.081,1.455,24.195,9.16,512.0,2100.0
scan,negsparse_q0126_m150k,negsparse,150000,32768,1,0.6000,0.0000,0.00003,34.986,34.986,34.986,0.645,15.925,9.383,9.033,9.16,4096.0,2100.0
scan,negsparse_q0126_m300k,negsparse,300000,4096,1,0.2000,0.0000,0.00012,45.238,45.238,45.238,1.469,25.398,1.416,16.956,18.31,512.0,2100.0
scan,negsparse_q0126_m300k,negsparse,300000,32768,1,0.5000,0.0000,0.00007,47.543,47.543,47.543,1.474,27.179,10.356,8.533,18.31,4096.0,2100.0
scan,negsparse_q0126_m1m,negsparse,1000000,4096,1,0.1000,0.0000,0.00005,144.671,144.671,144.671,10.897,115.154,1.865,16.754,61.04,512.0,2100.0
scan,negsparse_q0126_m1m,negsparse,1000000,32768,1,0.1000,0.0000,0.00006,150.729,150.729,150.729,11.000,116.545,12.002,11.182,61.04,4096.0,2100.0
scan,negsparse_q0126_m2m,negsparse,2000000,4096,1,0.0000,0.0000,0.00008,230.171,230.171,230.171,17.154,192.945,1.901,18.171,122.07,512.0,2100.0
scan,negsparse_q0126_m2m,negsparse,2000000,32768,1,0.0000,0.0000,0.00009,270.263,270.263,270.263,16.928,191.981,12.202,49.152,122.07,4096.0,2100.0
scan,negsparse_q0126_m4m,negsparse,4000000,4096,1,0.0000,0.0000,0.00007,260.104,260.104,260.104,28.172,215.315,1.848,14.769,244.14,512.0,2100.0
scan,negsparse_q0126_m4m,negsparse,4000000,32768,1,0.1000,0.0000,0.00008,269.320,269.320,269.320,28.387,215.231,12.313,13.389,244.14,4096.0,2100.0
scan,negsparse_q0139_m50k,negsparse,50000,4096,1,0.8000,0.0000,0.00011,47.754,47.754,47.754,0.220,5.457,1.526,40.551,3.05,512.0,2100.0
scan,negsparse_q0139_m50k,negsparse,50000,32768,1,0.9000,0.0000,0.00003,20.139,20.139,20.139,0.222,7.154,8.681,4.081,3.05,4096.0,2100.0
scan,negsparse_q0139_m150k,negsparse,150000,4096,1,0.5000,0.0000,0.00005,41.911,41.911,41.911,0.627,12.867,1.228,27.189,9.16,512.0,2100.0
scan,negsparse_q0139_m150k,negsparse,150000,32768,1,0.7000,0.0000,0.00003,34.093,34.093,34.093,0.645,15.280,9.031,9.137,9.16,4096.0,2100.0
scan,negsparse_q0139_m300k,negsparse,300000,4096,1,0.1000,0.0000,0.00007,51.675,51.675,51.675,1.469,25.055,1.366,23.786,18.31,512.0,2100.0
scan,negsparse_q0139_m300k,negsparse,300000,32768,1,0.4000,0.0000,0.00004,50.611,50.611,50.611,1.488,28.139,11.055,9.928,18.31,4096.0,2100.0
scan,negsparse_q0139_m1m,negsparse,1000000,4096,1,0.0000,0.0000,0.00005,152.631,152.631,152.631,10.634,115.362,1.764,24.872,61.04,512.0,2100.0
scan,negsparse_q0139_m1m,negsparse,1000000,32768,1,0.0000,0.0000,0.00006,147.163,147.163,147.163,10.876,115.868,11.646,8.773,61.04,4096.0,2100.0
scan,negsparse_q0139_m2m,negsparse,2000000,4096,1,0.0000,0.0000,0.00006,227.866,227.866,227.866,16.493,191.905,1.794,17.675,122.07,512.0,2100.0
scan,negsparse_q0139_m2m,negsparse,2000000,32768,1,0.0000,0.0000,0.00006,229.408,229.408,229.408,16.789,191.465,11.677,9.476,122.07,4096.0,2100.0
scan,negsparse_q0139_m4m,negsparse,4000000,4096,1,0.0000,0.0000,0.00009,258.189,258.189,258.189,28.300,212.825,1.880,15.184,244.14,512.0,2100.0
scan,negsparse_q0139_m4m,negsparse,4000000,32768,1,0.1000,0.0000,0.00004,265.750,265.750,265.750,28.423,215.487,11.634,10.206,244.14,4096.0,2100.0
scan,negsparse_q0147_m50k,negsparse,50000,4096,1,1.0000,1.0000,0.00000,24.853,24.853,24.853,0.215,5.006,0.935,18.698,3.05,512.0,2100.0
scan,negsparse_q0147_m50k,negsparse,50000,32768,1,1.0000,1.0000,0.00000,15.155,15.155,15.155,0.220,4.633,9.207,1.095,3.05,4096.0,2100.0
scan,negsparse_q0147_m150k,negsparse,150000,4096,1,0.7000,0.0000,0.00001,39.253,39.253,39.253,0.642,12.840,1.190,24.580,9.16,512.0,2100.0
scan,negsparse_q0147_m150k,negsparse,150000,32768,1,0.6000,0.0000,0.00004,30.668,30.668,30.668,0.646,16.239,9.576,4.207,9.16,4096.0,2100.0
scan,negsparse_q0147_m300k,negsparse,300000,4096,1,0.6000,0.0000,0.00002,49.248,49.248,49.248,1.418,25.084,1.454,21.291,18.31,512.0,2100.0
scan,negsparse_q0147_m300k,negsparse,300000,32768,1,0.5000,0.0000,0.00003,44.222,44.222,44.222,1.540,27.801,10.052,4.829,18.31,4096.0,2100.0
scan,negsparse_q0147_m1m,negsparse,1000000,4096,1,0.1000,0.0000,0.00007,149.589,149.589,149.589,10.852,117.998,1.796,18.943,61.04,512.0,2100.0
scan,negsparse_q0147_m1m,negsparse,1000000,32768,1,0.1000,0.0000,0.00005,146.416,146.416,146.416,11.017,116.272,11.742,7.385,61.04,4096.0,2100.0
scan,negsparse_q0147_m2m,negsparse,2000000,4096,1,0.0000,0.0000,0.00004,227.656,227.656,227.656,16.835,191.104,1.830,17.887,122.07,512.0,2100.0
scan,negsparse_q0147_m2m,negsparse,2000000,32768,1,0.0000,0.0000,0.00005,232.399,232.399,232.399,16.568,191.565,11.684,12.582,122.07,4096.0,2100.0
scan,negsparse_q0147_m4m,negsparse,4000000,4096,1,0.0000,0.0000,0.00004,276.081,276.081,276.081,33.456,224.135,1.926,16.564,244.14,512.0,2100.0
scan,negsparse_q0147_m4m,negsparse,4000000,32768,1,0.1000,0.0000,0.00002,280.741,280.741,280.741,31.075,228.639,12.212,8.814,244.14,4096.0,2100.0
scan,negsparse_q0155_m50k,negsparse,50000,4096,1,0.9000,0.0000,0.00002,34.965,34.965,34.965,0.213,5.280,0.910,28.563,3.05,512.0,2100.0
scan,negsparse_q0155_m50k,negsparse,50000,32768,1,0.8000,0.0000,0.00004,19.457,19.457,19.457,0.221,7.136,8.831,3.268,3.05,4096.0,2100.0
scan,negsparse_q0155_m150k,negsparse,150000,4096,1,0.6000,0.0000,0.00006,35.160,35.160,35.160,0.626,12.970,1.068,20.497,9.16,512.0,2100.0
scan,negsparse_q0155_m150k,negsparse,150000,32768,1,0.5000,0.0000,0.00007,32.943,32.943,32.943,0.645,16.171,9.540,6.587,9.16,4096.0,2100.0
scan,negsparse_q0155_m300k,negsparse,300000,4096,1,0.3000,0.0000,0.00008,48.875,48.875,48.875,1.411,25.194,1.546,20.724,18.31,512.0,2100.0
scan,negsparse_q0155_m300k,negsparse,300000,32768,1,0.4000,0.0000,0.00007,50.954,50.954,50.954,1.468,28.691,10.660,10.135,18.31,4096.0,2100.0
scan,negsparse_q0155_m1m,negsparse,1000000,4096,1,0.1000,0.0000,0.00009,147.805,147.805,147.805,10.760,115.220,1.820,20.005,61.04,512.0,2100.0
scan,negsparse_q0155_m1m,negsparse,1000000,32768,1,0.1000,0.0000,0.00005,149.842,149.842,149.842,11.055,116.791,11.486,10.510,61.04,4096.0,2100.0
scan,negsparse_q0155_m2m,negsparse,2000000,4096,1,0.0000,0.0000,0.00009,229.506,229.506,229.506,17.387,193.127,1.815,17.177,122.07,512.0,2100.0
scan,negsparse_q0155_m2m,negsparse,2000000,32768,1,0.0000,0.0000,0.00005,231.642,231.642,231.642,16.727,191.816,11.958,11.141,122.07,4096.0,2100.0
scan,negsparse_q0155_m4m,negsparse,4000000,4096,1,0.0000,0.0000,0.00007,258.796,258.796,258.796,28.675,213.606,1.843,14.672,244.14,512.0,2100.0
scan,negsparse_q0155_m4m,negsparse,4000000,32768,1,0.0000,0.0000,0.00006,265.756,265.756,265.756,28.913,217.208,11.635,8.001,244.14,4096.0,2100.0
scan,negsparse_q0157_m50k,negsparse,50000,4096,1,0.7000,0.0000,0.00003,25.503,25.503,25.503,0.214,4.836,0.869,19.584,3.05,512.0,2100.0
scan,negsparse_q0157_m50k,negsparse,50000,32768,1,0.7000,0.0000,0.00003,18.401,18.401,18.401,0.225,3.706,7.758,6.712,3.05,4096.0,2100.0
scan,negsparse_q0157_m150k,negsparse,150000,4096,1,0.4000,0.0000,0.00006,33.864,33.864,33.864,0.626,12.648,1.063,19.527,9.16,512.0,2100.0
scan,negsparse_q0157_m150k,negsparse,150000,32768,1,0.6000,0.0000,0.00004,34.986,34.986,34.986,0.643,15.285,9.540,9.518,9.16,4096.0,2100.0
scan,negsparse_q0157_m300k,negsparse,300000,4096,1,0.2000,0.0000,0.00008,45.584,45.584,45.584,1.341,24.901,1.350,17.992,18.31,512.0,2100.0
scan,negsparse_q0157_m300k,negsparse,300000,32768,1,0.5000,0.0000,0.00003,48.228,48.228,48.228,1.386,27.776,10.798,8.268,18.31,4096.0,2100.0
scan,negsparse_q0157_m1m,negsparse,1000000,4096,1,0.0000,0.0000,0.00005,144.572,144.572,144.572,11.090,116.335,1.773,15.373,61.04,512.0,2100.0
scan,negsparse_q0157_m1m,negsparse,1000000,32768,1,0.1000,0.0000,0.00003,148.523,148.523,148.523,11.118,115.445,11.470,10.489,61.04,4096.0,2100.0
scan,negsparse_q0157_m2m,negsparse,2000000,4096,1,0.0000,0.0000,0.00007,230.211,230.211,230.211,16.480,194.545,1.969,17.217,122.07,512.0,2100.0
scan,negsparse_q0157_m2m,negsparse,2000000,32768,1,0.0000,0.0000,0.00006,236.972,236.972,236.972,16.816,195.509,11.651,12.996,122.07,4096.0,2100.0
scan,negsparse_q0157_m4m,negsparse,4000000,4096,1,0.0000,0.0000,0.00003,261.829,261.829,261.829,28.327,217.511,1.760,14.231,244.14,512.0,2100.0
scan,negsparse_q0157_m4m,negsparse,4000000,32768,1,0.0000,0.0000,0.00005,262.476,262.476,262.476,28.319,214.374,11.916,7.867,244.14,4096.0,2100.0
scan,negsparse_q0168_m50k,negsparse,50000,4096,1,0.7000,0.0000,0.00008,30.550,30.550,30.550,0.215,5.087,0.955,24.293,3.05,512.0,2100.0
scan,negsparse_q0168_m50k,negsparse,50000,32768,1,0.9000,0.0000,0.00003,19.105,19.105,19.105,0.220,4.575,8.173,6.136,3.05,4096.0,2100.0
scan,negsparse_q0168_m150k,negsparse,150000,4096,1,0.6000,0.0000,0.00004,33.549,33.549,33.549,0.628,12.735,1.185,19.001,9.16,512.0,2100.0
scan,negsparse_q0168_m150k,negsparse,150000,32768,1,0.7000,0.0000,0.00003,31.097,31.097,31.097,0.642,15.071,8.622,6.763,9.16,4096.0,2100.0
scan,negsparse_q0168_m300k,negsparse,300000,4096,1,0.4000,0.0000,0.00006,45.888,45.888,45.888,1.436,25.019,1.279,18.154,18.31,512.0,2100.0
scan,negsparse_q0168_m300k,negsparse,300000,32768,1,0.5000,0.0000,0.00003,50.073,50.073,50.073,1.500,28.103,9.608,10.861,18.31,4096.0,2100.0
scan,negsparse_q0168_m1m,negsparse,1000000,4096,1,0.0000,0.0000,0.00008,141.972,141.972,141.972,10.922,114.183,1.758,15.110,61.04,512.0,2100.0
scan,negsparse_q0168_m1m,negsparse,1000000,32768,1,0.0000,0.0000,0.00004,150.442,150.442,150.442,10.910,115.602,12.512,11.418,61.04,4096.0,2100.0
scan,negsparse_q0168_m2m,negsparse,2000000,4096,1,0.1000,0.0000,0.00006,226.637,226.637,226.637,16.627,192.277,1.759,15.974,122.07,512.0,2100.0
scan,negsparse_q0168_m2m,negsparse,2000000,32768,1,0.2000,0.0000,0.00003,231.519,231.519,231.519,17.132,192.732,11.692,9.963,122.07,4096.0,2100.0
scan,negsparse_q0168_m4m,negsparse,4000000,4096,1,0.1000,0.0000,0.00006,299.763,299.763,299.763,28.295,255.777,1.863,13.828,244.14,512.0,2100.0
scan,negsparse_q0168_m4m,negsparse,4000000,32768,1,0.1000,0.0000,0.00004,267.075,267.075,267.075,28.600,217.286,12.219,8.969,244.14,4096.0,2100.0
scan,negsparse_q0183_m50k,negsparse,50000,4096,1,0.9000,0.0000,0.00003,34.229,34.229,34.229,0.218,4.994,0.925,28.092,3.05,512.0,2100.0
scan,negsparse_q0183_m50k,negsparse,50000,32768,1,0.8000,0.0000,0.00004,22.111,22.111,22.111,0.220,6.697,8.583,6.611,3.05,4096.0,2100.0
scan,negsparse_q0183_m150k,negsparse,150000,4096,1,0.7000,0.0000,0.00004,37.751,37.751,37.751,0.655,12.817,1.024,23.255,9.16,512.0,2100.0
scan,negsparse_q0183_m150k,negsparse,150000,32768,1,0.6000,0.0000,0.00004,33.511,33.511,33.511,0.660,15.777,9.745,7.329,9.16,4096.0,2100.0
scan,negsparse_q0183_m300k,negsparse,300000,4096,1,0.1000,0.0000,0.00008,49.259,49.259,49.259,1.384,24.857,1.414,21.603,18.31,512.0,2100.0
scan,negsparse_q0183_m300k,negsparse,300000,32768,1,0.3000,0.0000,0.00005,49.394,49.394,49.394,1.427,27.938,9.231,10.798,18.31,4096.0,2100.0
scan,negsparse_q0183_m1m,negsparse,1000000,4096,1,0.1000,0.0000,0.00010,147.986,147.986,147.986,10.804,115.629,1.802,19.751,61.04,512.0,2100.0
scan,negsparse_q0183_m1m,negsparse,1000000,32768,1,0.1000,0.0000,0.00007,173.438,173.438,173.438,19.012,129.121,11.691,13.614,61.04,4096.0,2100.0
scan,negsparse_q0183_m2m,negsparse,2000000,4096,1,0.0000,0.0000,0.00008,229.012,229.012,229.012,16.650,193.021,1.845,17.496,122.07,512.0,2100.0
scan,negsparse_q0183_m2m,negsparse,2000000,32768,1,0.1000,0.0000,0.00004,261.865,261.865,261.865,16.619,222.059,11.410,11.777,122.07,4096.0,2100.0
scan,negsparse_q0183_m4m,negsparse,4000000,4096,1,0.0000,0.0000,0.00007,256.144,256.144,256.144,28.214,211.274,1.812,14.845,244.14,512.0,2100.0
scan,negsparse_q0183_m4m,negsparse,4000000,32768,1,0.0000,0.0000,0.00005,269.355,269.355,269.355,28.732,217.925,12.364,10.334,244.14,4096.0,2100.0
scan,negsparse_q0184_m50k,negsparse,50000,4096,1,0.7000,0.0000,0.00003,33.071,33.071,33.071,0.219,5.422,0.907,26.522,3.05,512.0,2100.0
scan,negsparse_q0184_m50k,negsparse,50000,32768,1,0.9000,0.0000,0.00001,25.108,25.108,25.108,0.220,5.263,8.454,11.171,3.05,4096.0,2100.0
scan,negsparse_q0184_m150k,negsparse,150000,4096,1,0.3000,0.0000,0.00018,37.034,37.034,37.034,0.651,13.010,1.134,22.239,9.16,512.0,2100.0
scan,negsparse_q0184_m150k,negsparse,150000,32768,1,0.5000,0.0000,0.00008,36.985,36.985,36.985,0.653,14.853,9.082,12.397,9.16,4096.0,2100.0
scan,negsparse_q0184_m300k,negsparse,300000,4096,1,0.2000,0.0000,0.00006,50.588,50.588,50.588,1.357,24.802,1.293,23.136,18.31,512.0,2100.0
scan,negsparse_q0184_m300k,negsparse,300000,32768,1,0.2000,0.0000,0.00004,49.537,49.537,49.537,1.373,28.159,9.370,10.635,18.31,4096.0,2100.0
scan,negsparse_q0184_m1m,negsparse,1000000,4096,1,0.2000,0.0000,0.00006,145.660,145.660,145.660,10.770,114.298,1.680,18.913,61.04,512.0,2100.0
scan,negsparse_q0184_m1m,negsparse,1000000,32768,1,0.5000,0.0000,0.00002,148.465,148.465,148.465,10.831,113.969,10.940,12.726,61.04,4096.0,2100.0
scan,negsparse_q0184_m2m,negsparse,2000000,4096,1,0.1000,0.0000,0.00009,225.995,225.995,225.995,16.578,190.016,1.899,17.503,122.07,512.0,2100.0
scan,negsparse_q0184_m2m,negsparse,2000000,32768,1,0.1000,0.0000,0.00003,227.699,227.699,227.699,16.477,190.941,11.650,8.631,122.07,4096.0,2100.0
scan,negsparse_q0184_m4m,negsparse,4000000,4096,1,0.0000,0.0000,0.00006,301.598,301.598,301.598,28.651,250.652,2.864,19.431,244.14,512.0,2100.0
scan,negsparse_q0184_m4m,negsparse,4000000,32768,1,0.0000,0.0000,0.00002,285.802,285.802,285.802,29.916,232.465,11.606,11.816,244.14,4096.0,2100.0
scan,negsparse_q0185_m50k,negsparse,50000,4096,1,0.9000,0.0000,0.00003,30.442,30.442,30.442,0.212,4.908,0.872,24.451,3.05,512.0,2100.0
scan,negsparse_q0185_m50k,negsparse,50000,32768,1,0.8000,0.0000,0.00008,20.114,20.114,20.114,0.221,6.931,8.852,4.111,3.05,4096.0,2100.0
scan,negsparse_q0185_m150k,negsparse,150000,4096,1,0.6000,0.0000,0.00002,36.917,36.917,36.917,0.630,12.780,1.093,22.414,9.16,512.0,2100.0
scan,negsparse_q0185_m150k,negsparse,150000,32768,1,0.5000,0.0000,0.00003,34.203,34.203,34.203,0.683,16.127,9.663,7.730,9.16,4096.0,2100.0
scan,negsparse_q0185_m300k,negsparse,300000,4096,1,0.3000,0.0000,0.00005,54.682,54.682,54.682,1.537,25.602,1.528,26.015,18.31,512.0,2100.0
scan,negsparse_q0185_m300k,negsparse,300000,32768,1,0.3000,0.0000,0.00005,59.982,59.982,59.982,1.596,30.247,12.592,15.547,18.31,4096.0,2100.0
scan,negsparse_q0185_m1m,negsparse,1000000,4096,1,0.0000,0.0000,0.00007,147.946,147.946,147.946,10.811,116.601,1.832,18.702,61.04,512.0,2100.0
scan,negsparse_q0185_m1m,negsparse,1000000,32768,1,0.1000,0.0000,0.00005,152.893,152.893,152.893,10.996,117.935,11.058,12.903,61.04,4096.0,2100.0
scan,negsparse_q0185_m2m,negsparse,2000000,4096,1,0.0000,0.0000,0.00005,230.395,230.395,230.395,16.497,193.520,1.858,18.520,122.07,512.0,2100.0
scan,negsparse_q0185_m2m,negsparse,2000000,32768,1,0.1000,0.0000,0.00004,233.870,233.870,233.870,16.731,195.390,11.485,10.263,122.07,4096.0,2100.0
scan,negsparse_q0185_m4m,negsparse,4000000,4096,1,0.0000,0.0000,0.00006,258.458,258.458,258.458,28.371,212.808,1.803,15.477,244.14,512.0,2100.0
scan,negsparse_q0185_m4m,negsparse,4000000,32768,1,0.0000,0.0000,0.00004,263.788,263.788,263.788,28.650,214.581,12.030,8.527,244.14,4096.0,2100.0
scan,negsparse_q0211_m50k,negsparse,50000,4096,1,0.9000,0.0000,0.00003,34.287,34.287,34.287,0.207,4.750,0.844,28.486,3.05,512.0,2100.0
scan,negsparse_q0211_m50k,negsparse,50000,32768,1,0.9000,0.0000,0.00003,15.933,15.933,15.933,0.220,3.678,7.883,4.153,3.05,4096.0,2100.0
scan,negsparse_q0211_m150k,negsparse,150000,4096,1,0.5000,0.0000,0.00003,36.990,36.990,36.990,0.652,12.595,1.077,22.666,9.16,512.0,2100.0
scan,negsparse_q0211_m150k,negsparse,150000,32768,1,0.7000,0.0000,0.00002,32.723,32.723,32.723,0.663,14.483,9.806,7.770,9.16,4096.0,2100.0
scan,negsparse_q0211_m300k,negsparse,300000,4096,1,0.2000,0.0000,0.00008,53.614,53.614,53.614,1.434,24.966,1.333,25.881,18.31,512.0,2100.0
scan,negsparse_q0211_m300k,negsparse,300000,32768,1,0.4000,0.0000,0.00005,47.214,47.214,47.214,1.456,27.946,9.880,7.932,18.31,4096.0,2100.0
scan,negsparse_q0211_m1m,negsparse,1000000,4096,1,0.0000,0.0000,0.00007,150.043,150.043,150.043,10.784,114.201,1.604,23.455,61.04,512.0,2100.0
scan,negsparse_q0211_m1m,negsparse,1000000,32768,1,0.1000,0.0000,0.00008,152.334,152.334,152.334,10.768,116.417,13.168,11.980,61.04,4096.0,2100.0
scan,negsparse_q0211_m2m,negsparse,2000000,4096,1,0.1000,0.0000,0.00008,234.142,234.142,234.142,16.888,192.236,1.821,23.197,122.07,512.0,2100.0
scan,negsparse_q0211_m2m,negsparse,2000000,32768,1,0.0000,0.0000,0.00003,231.823,231.823,231.823,16.524,190.133,11.394,13.772,122.07,4096.0,2100.0
scan,negsparse_q0211_m4m,negsparse,4000000,4096,1,0.0000,0.0000,0.00005,360.607,360.607,360.607,28.936,313.931,2.060,15.680,244.14,512.0,2100.0
scan,negsparse_q0211_m4m,negsparse,4000000,32768,1,0.0000,0.0000,0.00003,274.137,274.137,274.137,30.088,221.173,12.291,10.585,244.14,4096.0,2100.0
scan,negsparse_q0221_m50k,negsparse,50000,4096,1,0.8000,0.0000,0.00006,32.105,32.105,32.105,0.210,5.408,1.234,25.252,3.05,512.0,2100.0
scan,negsparse_q0221_m50k,negsparse,50000,32768,1,1.0000,1.0000,0.00000,27.798,27.798,27.798,0.222,7.120,8.550,11.906,3.05,4096.0,2100.0
scan,negsparse_q0221_m150k,negsparse,150000,4096,1,0.5000,0.0000,0.00007,35.588,35.588,35.588,0.667,13.167,1.163,20.591,9.16,512.0,2100.0
scan,negsparse_q0221_m150k,negsparse,150000,32768,1,0.9000,0.0000,0.00000,35.637,35.637,35.637,0.651,15.053,10.998,8.935,9.16,4096.0,2100.0
scan,negsparse_q0221_m300k,negsparse,300000,4096,1,0.1000,0.0000,0.00004,48.685,48.685,48.685,1.445,25.213,1.372,20.655,18.31,512.0,2100.0
scan,negsparse_q0221_m300k,negsparse,300000,32768,1,0.2000,0.0000,0.00004,51.858,51.858,51.858,1.510,28.119,11.390,10.839,18.31,4096.0,2100.0
scan,negsparse_q0221_m1m,negsparse,1000000,4096,1,0.2000,0.0000,0.00003,150.834,150.834,150.834,11.090,118.660,1.738,19.345,61.04,512.0,2100.0
scan,negsparse_q0221_m1m,negsparse,1000000,32768,1,0.3000,0.0000,0.00002,150.652,150.652,150.652,11.116,116.787,11.629,11.120,61.04,4096.0,2100.0
scan,negsparse_q0221_m2m,negsparse,2000000,4096,1,0.1000,0.0000,0.00006,229.122,229.122,229.122,16.492,193.378,1.901,17.351,122.07,512.0,2100.0
scan,negsparse_q0221_m2m,negsparse,2000000,32768,1,0.0000,0.0000,0.00005,232.331,232.331,232.331,16.572,191.197,11.570,12.992,122.07,4096.0,2100.0
scan,negsparse_q0221_m4m,negsparse,4000000,4096,1,0.0000,0.0000,0.00005,260.756,260.756,260.756,28.127,212.889,1.924,17.816,244.14,512.0,2100.0
scan,negsparse_q0221_m4m,negsparse,4000000,32768,1,0.0000,0.0000,0.00004,275.448,275.448,275.448,31.251,220.332,12.729,11.136,244.14,4096.0,2100.0
scan,negsparse_q0238_m50k,negsparse,50000,4096,1,0.7000,0.0000,0.00003,36.165,36.165,36.165,0.222,5.326,1.229,29.389,3.05,512.0,2100.0
scan,negsparse_q0238_m50k,negsparse,50000,32768,1,0.8000,0.0000,0.00001,29.916,29.916,29.916,0.223,9.026,12.173,8.494,3.05,4096.0,2100.0
scan,negsparse_q0238_m150k,negsparse,150000,4096,1,0.3000,0.0000,0.00006,37.101,37.101,37.101,0.644,13.848,1.529,21.080,9.16,512.0,2100.0
scan,negsparse_q0238_m150k,negsparse,150000,32768,1,0.6000,0.0000,0.00002,36.960,36.960,36.960,0.674,16.454,11.645,8.187,9.16,4096.0,2100.0
scan,negsparse_q0238_m300k,negsparse,300000,4096,1,0.2000,0.0000,0.00004,49.462,49.462,49.462,1.450,26.433,1.770,19.809,18.31,512.0,2100.0
scan,negsparse_q0238_m300k,negsparse,300000,32768,1,0.4000,0.0000,0.00002,52.140,52.140,52.140,1.524,29.314,11.325,9.977,18.31,4096.0,2100.0
scan,negsparse_q0238_m1m,negsparse,1000000,4096,1,0.1000,0.0000,0.00005,151.078,151.078,151.078,10.708,118.173,1.807,20.390,61.04,512.0,2100.0
scan,negsparse_q0238_m1m,negsparse,1000000,32768,1,0.2000,0.0000,0.00003,156.700,156.700,156.700,11.121,119.447,12.172,13.961,61.04,4096.0,2100.0
scan,negsparse_q0238_m2m,negsparse,2000000,4096,1,0.0000,0.0000,0.00009,232.684,232.684,232.684,16.662,195.198,1.773,19.051,122.07,512.0,2100.0
scan,negsparse_q0238_m2m,negsparse,2000000,32768,1,0.1000,0.0000,0.00004,241.510,241.510,241.510,16.797,195.814,13.503,15.396,122.07,4096.0,2100.0
scan,negsparse_q0238_m4m,negsparse,4000000,4096,1,0.0000,0.0000,0.00006,260.836,260.836,260.836,29.105,215.141,1.838,14.752,244.14,512.0,2100.0
scan,negsparse_q0238_m4m,negsparse,4000000,32768,1,0.1000,0.0000,0.00004,269.732,269.732,269.732,28.510,219.138,12.313,9.770,244.14,4096.0,2100.0
scan,negsparse_q0259_m50k,negsparse,50000,4096,1,0.9000,0.0000,0.00002,26.753,26.753,26.753,0.222,5.281,0.998,20.252,3.05,512.0,2100.0
scan,negsparse_q0259_m50k,negsparse,50000,32768,1,1.0000,1.0000,0.00000,24.118,24.118,24.118,0.222,7.176,8.904,7.817,3.05,4096.0,2100.0
scan,negsparse_q0259_m150k,negsparse,150000,4096,1,0.3000,0.0000,0.00008,41.570,41.570,41.570,0.615,13.194,1.293,26.468,9.16,512.0,2100.0
scan,negsparse_q0259_m150k,negsparse,150000,32768,1,0.4000,0.0000,0.00006,38.248,38.248,38.248,0.655,15.197,10.383,12.013,9.16,4096.0,2100.0
scan,negsparse_q0259_m300k,negsparse,300000,4096,1,0.2000,0.0000,0.00006,47.629,47.629,47.629,1.484,25.472,1.728,18.946,18.31,512.0,2100.0
scan,negsparse_q0259_m300k,negsparse,300000,32768,1,0.6000,0.0000,0.00001,56.073,56.073,56.073,1.477,29.435,13.458,11.704,18.31,4096.0,2100.0
scan,negsparse_q0259_m1m,negsparse,1000000,4096,1,0.1000,0.0000,0.00007,149.081,149.081,149.081,10.805,117.244,1.882,19.150,61.04,512.0,2100.0
scan,negsparse_q0259_m1m,negsparse,1000000,32768,1,0.2000,0.0000,0.00004,152.812,152.812,152.812,11.022,116.769,11.738,13.284,61.04,4096.0,2100.0
scan,negsparse_q0259_m2m,negsparse,2000000,4096,1,0.0000,0.0000,0.00006,226.076,226.076,226.076,16.341,192.655,1.887,15.193,122.07,512.0,2100.0
scan,negsparse_q0259_m2m,negsparse,2000000,32768,1,0.0000,0.0000,0.00004,231.823,231.823,231.823,16.538,191.569,11.907,11.809,122.07,4096.0,2100.0
scan,negsparse_q0259_m4m,negsparse,4000000,4096,1,0.1000,0.0000,0.00004,263.171,263.171,263.171,28.576,217.402,1.852,15.341,244.14,512.0,2100.0
scan,negsparse_q0259_m4m,negsparse,4000000,32768,1,0.1000,0.0000,0.00004,265.512,265.512,265.512,29.018,215.031,12.032,9.431,244.14,4096.0,2100.0
scan,negsparse_q0287_m50k,negsparse,50000,4096,1,0.5000,0.0000,0.00010,31.051,31.051,31.051,0.206,4.747,0.844,25.254,3.05,512.0,2100.0
scan,negsparse_q0287_m50k,negsparse,50000,32768,1,0.7000,0.0000,0.00009,22.570,22.570,22.570,0.219,5.447,7.721,9.183,3.05,4096.0,2100.0
scan,negsparse_q0287_m150k,negsparse,150000,4096,1,0.2000,0.0000,0.00008,36.520,36.520,36.520,0.623,12.860,1.233,21.804,9.16,512.0,2100.0
scan,negsparse_q0287_m150k,negsparse,150000,32768,1,0.3000,0.0000,0.00007,35.143,35.143,35.143,0.664,16.231,9.504,8.744,9.16,4096.0,2100.0
scan,negsparse_q0287_m300k,negsparse,300000,4096,1,0.2000,0.0000,0.00006,46.921,46.921,46.921,1.433,24.922,1.643,18.924,18.31,512.0,2100.0
scan,negsparse_q0287_m300k,negsparse,300000,32768,1,0.3000,0.0000,0.00005,49.004,49.004,49.004,1.389,28.198,9.940,9.477,18.31,4096.0,2100.0
scan,negsparse_q0287_m1m,negsparse,1000000,4096,1,0.2000,0.0000,0.00009,149.541,149.541,149.541,10.880,117.903,1.970,18.788,61.04,512.0,2100.0
scan,negsparse_q0287_m1m,negsparse,1000000,32768,1,0.0000,0.0000,0.00007,151.480,151.480,151.480,10.899,116.560,11.772,12.248,61.04,4096.0,2100.0
scan,negsparse_q0287_m2m,negsparse,2000000,4096,1,0.0000,0.0000,0.00008,222.718,222.718,222.718,16.376,191.985,1.844,12.513,122.07,512.0,2100.0
scan,negsparse_q0287_m2m,negsparse,2000000,32768,1,0.0000,0.0000,0.00004,231.525,231.525,231.525,16.505,192.355,11.379,11.285,122.07,4096.0,2100.0
scan,negsparse_q0287_m4m,negsparse,4000000,4096,1,0.0000,0.0000,0.00005,259.315,259.315,259.315,28.466,215.713,1.913,13.223,244.14,512.0,2100.0
scan,negsparse_q0287_m4m,negsparse,4000000,32768,1,0.0000,0.0000,0.00005,266.948,266.948,266.948,28.167,214.454,12.709,11.618,244.14,4096.0,2100.0
scan,negsparse_q0308_m50k,negsparse,50000,4096,1,0.8000,0.0000,0.00003,49.015,49.015,49.015,0.216,5.358,0.922,42.519,3.05,512.0,2100.0
scan,negsparse_q0308_m50k,negsparse,50000,32768,1,0.9000,0.0000,0.00001,25.080,25.080,25.080,0.242,7.110,8.350,9.378,3.05,4096.0,2100.0
scan,negsparse_q0308_m150k,negsparse,150000,4096,1,0.4000,0.0000,0.00006,39.366,39.366,39.366,0.667,12.747,1.301,24.652,9.16,512.0,2100.0
scan,negsparse_q0308_m150k,negsparse,150000,32768,1,0.5000,0.0000,0.00004,34.193,34.193,34.193,0.655,14.085,9.430,10.023,9.16,4096.0,2100.0
scan,negsparse_q0308_m300k,negsparse,300000,4096,1,0.4000,0.0000,0.00005,51.098,51.098,51.098,1.339,24.745,1.420,23.594,18.31,512.0,2100.0
scan,negsparse_q0308_m300k,negsparse,300000,32768,1,0.4000,0.0000,0.00004,52.705,52.705,52.705,1.364,27.869,10.161,13.312,18.31,4096.0,2100.0
scan,negsparse_q0308_m1m,negsparse,1000000,4096,1,0.0000,0.0000,0.00006,144.102,144.102,144.102,10.713,115.134,1.703,16.552,61.04,512.0,2100.0
scan,negsparse_q0308_m1m,negsparse,1000000,32768,1,0.1000,0.0000,0.00004,151.205,151.205,151.205,10.771,115.333,11.543,13.559,61.04,4096.0,2100.0
scan,negsparse_q0308_m2m,negsparse,2000000,4096,1,0.0000,0.0000,0.00007,231.614,231.614,231.614,16.295,195.080,1.813,18.426,122.07,512.0,2100.0
scan,negsparse_q0308_m2m,negsparse,2000000,32768,1,0.0000,0.0000,0.00004,237.898,237.898,237.898,16.964,194.575,13.064,13.295,122.07,4096.0,2100.0
scan,negsparse_q0308_m4m,negsparse,4000000,4096,1,0.0000,0.0000,0.00006,263.684,263.684,263.684,28.277,216.793,1.846,16.768,244.14,512.0,2100.0
scan,negsparse_q0308_m4m,negsparse,4000000,32768,1,0.0000,0.0000,0.00006,277.472,277.472,277.472,29.468,225.776,12.117,10.111,244.14,4096.0,2100.0
scan,negsparse_q0314_m50k,negsparse,50000,4096,1,0.7000,0.0000,0.00009,29.724,29.724,29.724,0.220,5.373,0.977,23.154,3.05,512.0,2100.0
scan,negsparse_q0314_m50k,negsparse,50000,32768,1,1.0000,1.0000,0.00000,21.751,21.751,21.751,0.219,5.902,7.948,7.683,3.05,4096.0,2100.0
scan,negsparse_q0314_m150k,negsparse,150000,4096,1,0.6000,0.0000,0.00009,36.596,36.596,36.596,0.621,13.072,1.209,21.694,9.16,512.0,2100.0
scan,negsparse_q0314_m150k,negsparse,150000,32768,1,0.3000,0.0000,0.00009,42.602,42.602,42.602,0.642,15.625,12.422,13.913,9.16,4096.0,2100.0
scan,negsparse_q0314_m300k,negsparse,300000,4096,1,0.2000,0.0000,0.00006,49.746,49.746,49.746,1.413,24.847,1.893,21.593,18.31,512.0,2100.0
scan,negsparse_q0314_m300k,negsparse,300000,32768,1,0.2000,0.0000,0.00005,49.119,49.119,49.119,1.358,27.245,10.348,10.168,18.31,4096.0,2100.0
scan,negsparse_q0314_m1m,negsparse,1000000,4096,1,0.2000,0.0000,0.00003,151.051,151.051,151.051,11.595,117.515,1.778,20.163,61.04,512.0,2100.0
scan,negsparse_q0314_m1m,negsparse,1000000,32768,1,0.2000,0.0000,0.00002,156.922,156.922,156.922,10.950,119.315,12.287,14.371,61.04,4096.0,2100.0
scan,negsparse_q0314_m2m,negsparse,2000000,4096,1,0.1000,0.0000,0.00004,228.249,228.249,228.249,16.612,193.241,1.696,16.700,122.07,512.0,2100.0
scan,negsparse_q0314_m2m,negsparse,2000000,32768,1,0.2000,0.0000,0.00002,230.247,230.247,230.247,16.471,191.561,11.404,10.811,122.07,4096.0,2100.0
scan,negsparse_q0314_m4m,negsparse,4000000,4096,1,0.0000,0.0000,0.00003,253.934,253.934,253.934,28.489,212.081,1.764,11.601,244.14,512.0,2100.0
scan,negsparse_q0314_m4m,negsparse,4000000,32768,1,0.0000,0.0000,0.00002,264.288,264.288,264.288,28.369,214.913,11.928,9.078,244.14,4096.0,2100.0
scan,negsparse_q0322_m50k,negsparse,50000,4096,1,0.6000,0.0000,0.00004,29.946,29.946,29.946,0.211,5.028,0.866,23.841,3.05,512.0,2100.0
scan,negsparse_q0322_m50k,negsparse,50000,32768,1,0.7000,0.0000,0.00003,20.796,20.796,20.796,0.222,6.324,7.797,6.453,3.05,4096.0,2100.0
scan,negsparse_q0322_m150k,negsparse,150000,4096,1,0.6000,0.0000,0.00005,38.916,38.916,38.916,0.621,12.613,1.055,24.626,9.16,512.0,2100.0
scan,negsparse_q0322_m150k,negsparse,150000,32768,1,0.6000,0.0000,0.00005,34.524,34.524,34.524,0.659,15.296,9.168,9.401,9.16,4096.0,2100.0
scan,negsparse_q0322_m300k,negsparse,300000,4096,1,0.3000,0.0000,0.00005,50.513,50.513,50.513,1.493,24.989,1.414,22.617,18.31,512.0,2100.0
scan,negsparse_q0322_m300k,negsparse,300000,32768,1,0.4000,0.0000,0.00003,57.191,57.191,57.191,1.568,28.706,10.846,16.070,18.31,4096.0,2100.0
scan,negsparse_q0322_m1m,negsparse,1000000,4096,1,0.0000,0.0000,0.00008,145.477,145.477,145.477,10.856,114.936,1.704,17.981,61.04,512.0,2100.0
scan,negsparse_q0322_m1m,negsparse,1000000,32768,1,0.1000,0.0000,0.00004,149.557,149.557,149.557,10.760,115.803,11.318,11.677,61.04,4096.0,2100.0
scan,negsparse_q0322_m2m,negsparse,2000000,4096,1,0.0000,0.0000,0.00006,232.037,232.037,232.037,17.184,192.015,1.757,21.082,122.07,512.0,2100.0
scan,negsparse_q0322_m2m,negsparse,2000000,32768,1,0.0000,0.0000,0.00005,234.367,234.367,234.367,16.537,191.176,11.861,14.792,122.07,4096.0,2100.0
scan,negsparse_q0322_m4m,negsparse,4000000,4096,1,0.0000,0.0000,0.00004,258.826,258.826,258.826,28.213,211.884,1.832,16.897,244.14,512.0,2100.0
scan,negsparse_q0322_m4m,negsparse,4000000,32768,1,0.0000,0.0000,0.00004,264.463,264.463,264.463,28.817,213.840,12.074,9.733,244.14,4096.0,2100.0
scan,negsparse_q0334_m50k,negsparse,50000,4096,1,0.9000,0.0000,0.00002,32.086,32.086,32.086,0.206,5.087,0.859,25.933,3.05,512.0,2100.0
scan,negsparse_q0334_m50k,negsparse,50000,32768,1,1.0000,1.0000,0.00000,19.695,19.695,19.695,0.219,5.020,8.383,6.074,3.05,4096.0,2100.0
scan,negsparse_q0334_m150k,negsparse,150000,4096,1,0.4000,0.0000,0.00005,37.299,37.299,37.299,0.660,12.739,1.059,22.842,9.16,512.0,2100.0
scan,negsparse_q0334_m150k,negsparse,150000,32768,1,0.2000,0.0000,0.00010,35.152,35.152,35.152,0.640,15.506,8.962,10.044,9.16,4096.0,2100.0
scan,negsparse_q0334_m300k,negsparse,300000,4096,1,0.3000,0.0000,0.00007,48.006,48.006,48.006,1.328,24.862,1.340,20.476,18.31,512.0,2100.0
scan,negsparse_q0334_m300k,negsparse,300000,32768,1,0.4000,0.0000,0.00005,48.017,48.017,48.017,1.359,26.940,10.115,9.603,18.31,4096.0,2100.0
scan,negsparse_q0334_m1m,negsparse,1000000,4096,1,0.0000,0.0000,0.00008,145.411,145.411,145.411,10.797,114.718,1.645,18.251,61.04,512.0,2100.0
scan,negsparse_q0334_m1m,negsparse,1000000,32768,1,0.0000,0.0000,0.00005,149.982,149.982,149.982,10.760,115.506,11.993,11.722,61.04,4096.0,2100.0
scan,negsparse_q0334_m2m,negsparse,2000000,4096,1,0.0000,0.0000,0.00004,224.031,224.031,224.031,16.429,191.210,1.756,14.636,122.07,512.0,2100.0
scan,negsparse_q0334_m2m,negsparse,2000000,32768,1,0.3000,0.0000,0.00002,236.164,236.164,236.164,16.584,194.816,11.554,13.209,122.07,4096.0,2100.0
scan,negsparse_q0334_m4m,negsparse,4000000,4096,1,0.0000,0.0000,0.00004,264.676,264.676,264.676,28.661,217.730,1.728,16.557,244.14,512.0,2100.0
scan,negsparse_q0334_m4m,negsparse,4000000,32768,1,0.1000,0.0000,0.00003,270.983,270.983,270.983,29.278,216.150,11.556,14.000,244.14,4096.0,2100.0
scan,negsparse_q0341_m50k,negsparse,50000,4096,1,0.9000,0.0000,0.00001,29.275,29.275,29.275,0.206,5.051,0.917,23.100,3.05,512.0,2100.0
scan,negsparse_q0341_m50k,negsparse,50000,32768,1,0.8000,0.0000,0.00003,23.931,23.931,23.931,0.220,6.461,8.736,8.515,3.05,4096.0,2100.0
scan,negsparse_q0341_m150k,negsparse,150000,4096,1,0.8000,0.0000,0.00002,34.947,34.947,34.947,0.620,12.710,1.040,20.576,9.16,512.0,2100.0
scan,negsparse_q0341_m150k,negsparse,150000,32768,1,0.8000,0.0000,0.00001,34.310,34.310,34.310,0.655,15.086,8.764,9.804,9.16,4096.0,2100.0
scan,negsparse_q0341_m300k,negsparse,300000,4096,1,0.5000,0.0000,0.00006,48.379,48.379,48.379,1.269,24.647,1.463,21.000,18.31,512.0,2100.0
scan,negsparse_q0341_m300k,negsparse,300000,32768,1,0.6000,0.0000,0.00003,48.752,48.752,48.752,1.305,27.815,9.993,9.639,18.31,4096.0,2100.0
scan,negsparse_q0341_m1m,negsparse,1000000,4096,1,0.1000,0.0000,0.00004,140.667,140.667,140.667,10.886,114.684,1.804,13.293,61.04,512.0,2100.0
scan,negsparse_q0341_m1m,negsparse,1000000,32768,1,0.1000,0.0000,0.00004,147.154,147.154,147.154,10.603,115.734,11.173,9.644,61.04,4096.0,2100.0
scan,negsparse_q0341_m2m,negsparse,2000000,4096,1,0.0000,0.0000,0.00004,221.277,221.277,221.277,16.120,190.810,1.677,12.669,122.07,512.0,2100.0
scan,negsparse_q0341_m2m,negsparse,2000000,32768,1,0.0000,0.0000,0.00004,231.018,231.018,231.018,16.542,194.364,11.415,8.697,122.07,4096.0,2100.0
scan,negsparse_q0341_m4m,negsparse,4000000,4096,1,0.1000,0.0000,0.00003,254.059,254.059,254.059,27.954,215.367,1.732,9.005,244.14,512.0,2100.0
scan,negsparse_q0341_m4m,negsparse,4000000,32768,1,0.1000,0.0000,0.00003,262.459,262.459,262.459,28.527,214.021,11.832,8.078,244.14,4096.0,2100.0
scan,negsparse_q0346_m50k,negsparse,50000,4096,1,0.9000,0.0000,0.00004,31.644,31.644,31.644,0.212,4.799,0.856,25.777,3.05,512.0,2100.0
scan,negsparse_q0346_m50k,negsparse,50000,32768,1,0.9000,0.0000,0.00002,17.448,17.448,17.448,0.221,4.541,7.766,4.920,3.05,4096.0,2100.0
scan,negsparse_q0346_m150k,negsparse,150000,4096,1,0.4000,0.0000,0.00005,39.497,39.497,39.497,0.634,12.715,1.321,24.827,9.16,512.0,2100.0
scan,negsparse_q0346_m150k,negsparse,150000,32768,1,0.6000,0.0000,0.00003,34.016,34.016,34.016,0.646,14.622,9.573,9.175,9.16,4096.0,2100.0
scan,negsparse_q0346_m300k,negsparse,300000,4096,1,0.4000,0.0000,0.00003,50.292,50.292,50.292,1.454,24.981,1.420,22.438,18.31,512.0,2100.0
scan,negsparse_q0346_m300k,negsparse,300000,32768,1,0.4000,0.0000,0.00004,51.881,51.881,51.881,1.426,27.851,10.104,12.500,18.31,4096.0,2100.0
scan,negsparse_q0346_m1m,negsparse,1000000,4096,1,0.0000,0.0000,0.00007,150.609,150.609,150.609,10.676,114.828,1.699,23.406,61.04,512.0,2100.0
scan,negsparse_q0346_m1m,negsparse,1000000,32768,1,0.0000,0.0000,0.00004,150.176,150.176,150.176,10.857,115.506,11.715,12.097,61.04,4096.0,2100.0
scan,negsparse_q0346_m2m,negsparse,2000000,4096,1,0.0000,0.0000,0.00004,223.152,223.152,223.152,16.207,190.506,1.735,14.704,122.07,512.0,2100.0
scan,negsparse_q0346_m2m,negsparse,2000000,32768,1,0.0000,0.0000,0.00004,228.728,228.728,228.728,16.419,191.193,12.179,8.937,122.07,4096.0,2100.0
scan,negsparse_q0346_m4m,negsparse,4000000,4096,1,0.0000,0.0000,0.00005,265.186,265.186,265.186,28.532,215.145,1.748,19.761,244.14,512.0,2100.0
scan,negsparse_q0346_m4m,negsparse,4000000,32768,1,0.0000,0.0000,0.00003,269.236,269.236,269.236,28.579,216.719,12.676,11.262,244.14,4096.0,2100.0
scan,negsparse_q0353_m50k,negsparse,50000,4096,1,0.8000,0.0000,0.00002,31.248,31.248,31.248,0.206,5.125,0.842,25.075,3.05,512.0,2100.0
scan,negsparse_q0353_m50k,negsparse,50000,32768,1,0.8000,0.0000,0.00002,24.911,24.911,24.911,0.221,6.600,8.618,9.472,3.05,4096.0,2100.0
scan,negsparse_q0353_m150k,negsparse,150000,4096,1,0.4000,0.0000,0.00008,36.765,36.765,36.765,0.619,12.906,1.071,22.170,9.16,512.0,2100.0
scan,negsparse_q0353_m150k,negsparse,150000,32768,1,0.5000,0.0000,0.00005,34.103,34.103,34.103,0.646,15.211,8.631,9.614,9.16,4096.0,2100.0
scan,negsparse_q0353_m300k,negsparse,300000,4096,1,0.1000,0.0000,0.00007,48.734,48.734,48.734,1.361,25.002,1.380,20.991,18.31,512.0,2100.0
scan,negsparse_q0353_m300k,negsparse,300000,32768,1,0.2000,0.0000,0.00005,50.882,50.882,50.882,1.387,27.681,10.567,11.247,18.31,4096.0,2100.0
scan,negsparse_q0353_m1m,negsparse,1000000,4096,1,0.1000,0.0000,0.00004,143.490,143.490,143.490,10.855,114.485,1.750,16.400,61.04,512.0,2100.0
scan,negsparse_q0353_m1m,negsparse,1000000,32768,1,0.1000,0.0000,0.00003,149.852,149.852,149.852,10.656,115.488,11.156,12.552,61.04,4096.0,2100.0
scan,negsparse_q0353_m2m,negsparse,2000000,4096,1,0.2000,0.0000,0.00004,223.181,223.181,223.181,16.581,191.826,1.726,13.048,122.07,512.0,2100.0
scan,negsparse_q0353_m2m,negsparse,2000000,32768,1,0.1000,0.0000,0.00004,227.252,227.252,227.252,16.455,191.322,11.502,7.974,122.07,4096.0,2100.0
scan,negsparse_q0353_m4m,negsparse,4000000,4096,1,0.1000,0.0000,0.00005,260.805,260.805,260.805,28.141,211.909,1.800,18.954,244.14,512.0,2100.0
scan,negsparse_q0353_m4m,negsparse,4000000,32768,1,0.0000,0.0000,0.00007,263.041,263.041,263.041,28.719,214.368,11.962,7.991,244.14,4096.0,2100.0
scan,negsparse_q0358_m50k,negsparse,50000,4096,1,1.0000,1.0000,0.00000,70.026,70.026,70.026,0.213,5.598,1.137,63.078,3.05,512.0,2100.0
scan,negsparse_q0358_m50k,negsparse,50000,32768,1,1.0000,1.0000,0.00000,24.026,24.026,24.026,0.224,8.291,11.020,4.490,3.05,4096.0,2100.0
scan,negsparse_q0358_m150k,negsparse,150000,4096,1,0.2000,0.0000,0.00007,39.318,39.318,39.318,0.634,13.114,1.157,24.413,9.16,512.0,2100.0
scan,negsparse_q0358_m150k,negsparse,150000,32768,1,0.5000,0.0000,0.00003,36.014,36.014,36.014,0.656,15.528,10.177,9.652,9.16,4096.0,2100.0
scan,negsparse_q0358_m300k,negsparse,300000,4096,1,0.2000,0.0000,0.00009,53.910,53.910,53.910,1.475,25.385,1.351,25.698,18.31,512.0,2100.0
scan,negsparse_q0358_m300k,negsparse,300000,32768,1,0.4000,0.0000,0.00005,53.991,53.991,53.991,1.507,27.384,11.438,13.662,18.31,4096.0,2100.0
scan,negsparse_q0358_m1m,negsparse,1000000,4096,1,0.2000,0.0000,0.00004,154.348,154.348,154.348,10.638,114.818,1.813,27.080,61.04,512.0,2100.0
scan,negsparse_q0358_m1m,negsparse,1000000,32768,1,0.2000,0.0000,0.00003,153.069,153.069,153.069,10.984,115.925,11.370,14.790,61.04,4096.0,2100.0
scan,negsparse_q0358_m2m,negsparse,2000000,4096,1,0.1000,0.0000,0.00006,227.826,227.826,227.826,16.308,190.216,1.718,19.585,122.07,512.0,2100.0
scan,negsparse_q0358_m2m,negsparse,2000000,32768,1,0.1000,0.0000,0.00003,232.671,232.671,232.671,16.305,192.541,11.425,12.401,122.07,4096.0,2100.0
scan,negsparse_q0358_m4m,negsparse,4000000,4096,1,0.0000,0.0000,0.00005,266.231,266.231,266.231,28.441,216.231,1.849,19.710,244.14,512.0,2100.0
scan,negsparse_q0358_m4m,negsparse,4000000,32768,1,0.1000,0.0000,0.00003,261.455,261.455,261.455,27.951,213.185,11.799,8.520,244.14,4096.0,2100.0
scan,negsparse_q0373_m50k,negsparse,50000,4096,1,0.8000,0.0000,0.00002,33.268,33.268,33.268,0.213,4.907,1.119,27.029,3.05,512.0,2100.0
scan,negsparse_q0373_m50k,negsparse,50000,32768,1,1.0000,1.0000,0.00000,19.741,19.741,19.741,0.222,6.629,8.401,4.488,3.05,4096.0,2100.0
scan,negsparse_q0373_m150k,negsparse,150000,4096,1,0.8000,0.0000,0.00001,39.736,39.736,39.736,0.638,12.558,1.083,25.457,9.16,512.0,2100.0
scan,negsparse_q0373_m150k,negsparse,150000,32768,1,0.9000,0.0000,0.00001,33.676,33.676,33.676,0.642,15.211,8.871,8.952,9.16,4096.0,2100.0
scan,negsparse_q0373_m300k,negsparse,300000,4096,1,0.3000,0.0000,0.00006,51.327,51.327,51.327,1.415,24.997,1.364,23.551,18.31,512.0,2100.0
scan,negsparse_q0373_m300k,negsparse,300000,32768,1,0.4000,0.0000,0.00005,50.668,50.668,50.668,1.486,28.333,10.252,10.598,18.31,4096.0,2100.0
scan,negsparse_q0373_m1m,negsparse,1000000,4096,1,0.3000,0.0000,0.00003,147.926,147.926,147.926,10.761,114.502,1.855,20.808,61.04,512.0,2100.0
scan,negsparse_q0373_m1m,negsparse,1000000,32768,1,0.2000,0.0000,0.00004,164.785,164.785,164.785,10.732,115.930,12.823,25.299,61.04,4096.0,2100.0
scan,negsparse_q0373_m2m,negsparse,2000000,4096,1,0.0000,0.0000,0.00004,229.828,229.828,229.828,16.094,190.455,1.841,21.438,122.07,512.0,2100.0
scan,negsparse_q0373_m2m,negsparse,2000000,32768,1,0.0000,0.0000,0.00005,230.953,230.953,230.953,16.484,190.757,11.477,12.235,122.07,4096.0,2100.0
scan,negsparse_q0373_m4m,negsparse,4000000,4096,1,0.0000,0.0000,0.00003,262.840,262.840,262.840,28.282,215.847,1.749,16.961,244.14,512.0,2100.0
scan,negsparse_q0373_m4m,negsparse,4000000,32768,1,0.1000,0.0000,0.00004,263.849,263.849,263.849,28.372,212.972,11.409,11.097,244.14,4096.0,2100.0
scan,negsparse_q0385_m50k,negsparse,50000,4096,1,0.6000,0.0000,0.00010,29.081,29.081,29.081,0.206,4.966,1.140,22.769,3.05,512.0,2100.0
scan,negsparse_q0385_m50k,negsparse,50000,32768,1,0.8000,0.0000,0.00002,18.231,18.231,18.231,0.221,5.718,8.313,3.979,3.05,4096.0,2100.0
scan,negsparse_q0385_m150k,negsparse,150000,4096,1,0.6000,0.0000,0.00004,35.079,35.079,35.079,0.621,12.717,1.069,20.673,9.16,512.0,2100.0
scan,negsparse_q0385_m150k,negsparse,150000,32768,1,0.7000,0.0000,0.00002,30.848,30.848,30.848,0.651,15.812,9.154,5.232,9.16,4096.0,2100.0
scan,negsparse_q0385_m300k,negsparse,300000,4096,1,0.3000,0.0000,0.00008,45.206,45.206,45.206,1.331,24.725,1.432,17.718,18.31,512.0,2100.0
scan,negsparse_q0385_m300k,negsparse,300000,32768,1,0.4000,0.0000,0.00004,46.167,46.167,46.167,1.370,27.242,9.676,7.879,18.31,4096.0,2100.0
scan,negsparse_q0385_m1m,negsparse,1000000,4096,1,0.2000,0.0000,0.00005,145.485,145.485,145.485,10.574,114.602,1.743,18.566,61.04,512.0,2100.0
scan,negsparse_q0385_m1m,negsparse,1000000,32768,1,0.2000,0.0000,0.00004,148.039,148.039,148.039,10.704,115.626,11.667,10.043,61.04,4096.0,2100.0
scan,negsparse_q0385_m2m,negsparse,2000000,4096,1,0.2000,0.0000,0.00003,224.958,224.958,224.958,16.217,190.245,1.720,16.776,122.07,512.0,2100.0
scan,negsparse_q0385_m2m,negsparse,2000000,32768,1,0.2000,0.0000,0.00002,234.113,234.113,234.113,16.372,194.088,11.505,12.147,122.07,4096.0,2100.0
scan,negsparse_q0385_m4m,negsparse,4000000,4096,1,0.1000,0.0000,0.00006,258.929,258.929,258.929,28.559,214.297,1.733,14.340,244.14,512.0,2100.0
scan,negsparse_q0385_m4m,negsparse,4000000,32768,1,0.1000,0.0000,0.00005,263.158,263.158,263.158,28.582,213.607,11.874,9.096,244.14,4096.0,2100.0
scan,negsparse_q0391_m50k,negsparse,50000,4096,1,1.0000,1.0000,0.00000,36.750,36.750,36.750,0.219,4.873,0.843,30.816,3.05,512.0,2100.0
scan,negsparse_q0391_m50k,negsparse,50000,32768,1,1.0000,1.0000,0.00000,16.968,16.968,16.968,0.220,5.997,8.083,2.667,3.05,4096.0,2100.0
scan,negsparse_q0391_m150k,negsparse,150000,4096,1,0.3000,0.0000,0.00005,40.345,40.345,40.345,0.613,12.792,1.277,25.664,9.16,512.0,2100.0
scan,negsparse_q0391_m150k,negsparse,150000,32768,1,0.5000,0.0000,0.00004,30.033,30.033,30.033,0.655,14.493,8.404,6.481,9.16,4096.0,2100.0
scan,negsparse_q0391_m300k,negsparse,300000,4096,1,0.2000,0.0000,0.00007,48.670,48.670,48.670,1.421,25.186,1.357,20.706,18.31,512.0,2100.0
scan,negsparse_q0391_m300k,negsparse,300000,32768,1,0.3000,0.0000,0.00006,47.783,47.783,47.783,1.460,27.651,10.329,8.343,18.31,4096.0,2100.0
scan,negsparse_q0391_m1m,negsparse,1000000,4096,1,0.0000,0.0000,0.00009,145.428,145.428,145.428,10.587,114.917,1.713,18.211,61.04,512.0,2100.0
scan,negsparse_q0391_m1m,negsparse,1000000,32768,1,0.1000,0.0000,0.00005,147.915,147.915,147.915,10.596,115.881,11.234,10.204,61.04,4096.0,2100.0
scan,negsparse_q0391_m2m,negsparse,2000000,4096,1,0.1000,0.0000,0.00002,224.803,224.803,224.803,16.258,190.524,1.766,16.255,122.07,512.0,2100.0
scan,negsparse_q0391_m2m,negsparse,2000000,32768,1,0.1000,0.0000,0.00002,232.334,232.334,232.334,16.630,192.237,11.607,11.861,122.07,4096.0,2100.0
scan,negsparse_q0391_m4m,negsparse,4000000,4096,1,0.0000,0.0000,0.00005,266.257,266.257,266.257,28.213,218.808,1.901,17.336,244.14,512.0,2100.0
scan,negsparse_q0391_m4m,negsparse,4000000,32768,1,0.0000,0.0000,0.00004,265.883,265.883,265.883,28.941,215.082,11.761,10.099,244.14,4096.0,2100.0
scan,negsparse_q0396_m50k,negsparse,50000,4096,1,0.8000,0.0000,0.00006,37.703,37.703,37.703,0.209,5.119,1.074,31.302,3.05,512.0,2100.0
scan,negsparse_q0396_m50k,negsparse,50000,32768,1,0.9000,0.0000,0.00003,23.256,23.256,23.256,0.222,6.218,9.532,7.285,3.05,4096.0,2100.0
scan,negsparse_q0396_m150k,negsparse,150000,4096,1,0.7000,0.0000,0.00003,42.322,42.322,42.322,0.674,12.884,1.104,27.660,9.16,512.0,2100.0
scan,negsparse_q0396_m150k,negsparse,150000,32768,1,0.7000,0.0000,0.00004,33.302,33.302,33.302,0.643,15.902,9.504,7.254,9.16,4096.0,2100.0
scan,negsparse_q0396_m300k,negsparse,300000,4096,1,0.3000,0.0000,0.00005,52.525,52.525,52.525,1.445,24.897,1.329,24.854,18.31,512.0,2100.0
scan,negsparse_q0396_m300k,negsparse,300000,32768,1,0.4000,0.0000,0.00003,50.015,50.015,50.015,1.486,28.361,10.049,10.118,18.31,4096.0,2100.0
scan,negsparse_q0396_m1m,negsparse,1000000,4096,1,0.3000,0.0000,0.00007,146.225,146.225,146.225,10.688,114.840,1.631,19.066,61.04,512.0,2100.0
scan,negsparse_q0396_m1m,negsparse,1000000,32768,1,0.4000,0.0000,0.00005,147.589,147.589,147.589,10.895,115.259,11.268,10.168,61.04,4096.0,2100.0
scan,negsparse_q0396_m2m,negsparse,2000000,4096,1,0.0000,0.0000,0.00006,229.494,229.494,229.494,16.325,190.657,1.768,20.744,122.07,512.0,2100.0
scan,negsparse_q0396_m2m,negsparse,2000000,32768,1,0.4000,0.0000,0.00001,230.231,230.231,230.231,16.231,191.269,11.321,11.410,122.07,4096.0,2100.0
scan,negsparse_q0396_m4m,negsparse,4000000,4096,1,0.0000,0.0000,0.00007,259.173,259.173,259.173,28.866,213.965,1.870,14.472,244.14,512.0,2100.0
scan,negsparse_q0396_m4m,negsparse,4000000,32768,1,0.3000,0.0000,0.00001,268.035,268.035,268.035,28.482,216.259,11.884,11.411,244.14,4096.0,2100.0
scan,negsparse_q0412_m50k,negsparse,50000,4096,1,0.8000,0.0000,0.00003,35.002,35.002,35.002,0.213,5.097,0.854,28.838,3.05,512.0,2100.0
scan,negsparse_q0412_m50k,negsparse,50000,32768,1,0.8000,0.0000,0.00004,20.275,20.275,20.275,0.221,6.616,8.191,5.246,3.05,4096.0,2100.0
scan,negsparse_q0412_m150k,negsparse,150000,4096,1,0.5000,0.0000,0.00006,44.415,44.415,44.415,0.612,12.837,1.299,29.666,9.16,512.0,2100.0
scan,negsparse_q0412_m150k,negsparse,150000,32768,1,0.3000,0.0000,0.00009,34.908,34.908,34.908,0.649,14.798,8.583,10.879,9.16,4096.0,2100.0
scan,negsparse_q0412_m300k,negsparse,300000,4096,1,0.5000,0.0000,0.00001,52.528,52.528,52.528,1.361,24.795,1.331,25.041,18.31,512.0,2100.0
scan,negsparse_q0412_m300k,negsparse,300000,32768,1,0.5000,0.0000,0.00001,52.390,52.390,52.390,1.444,28.006,10.486,12.455,18.31,4096.0,2100.0
scan,negsparse_q0412_m1m,negsparse,1000000,4096,1,0.1000,0.0000,0.00003,149.049,149.049,149.049,10.966,114.592,1.657,21.835,61.04,512.0,2100.0
scan,negsparse_q0412_m1m,negsparse,1000000,32768,1,0.1000,0.0000,0.00004,150.307,150.307,150.307,10.991,115.635,11.672,12.009,61.04,4096.0,2100.0
scan,negsparse_q0412_m2m,negsparse,2000000,4096,1,0.1000,0.0000,0.00006,235.013,235.013,235.013,16.396,190.182,1.702,26.734,122.07,512.0,2100.0
scan,negsparse_q0412_m2m,negsparse,2000000,32768,1,0.0000,0.0000,0.00008,231.537,231.537,231.537,16.479,190.922,11.832,12.304,122.07,4096.0,2100.0
scan,negsparse_q0412_m4m,negsparse,4000000,4096,1,0.0000,0.0000,0.00007,255.867,255.867,255.867,27.973,211.775,1.731,14.388,244.14,512.0,2100.0
scan,negsparse_q0412_m4m,negsparse,4000000,32768,1,0.0000,0.0000,0.00009,263.710,263.710,263.710,28.635,213.255,11.462,10.358,244.14,4096.0,2100.0
scan,negsparse_q0414_m50k,negsparse,50000,4096,1,0.4000,0.0000,0.00011,29.013,29.013,29.013,0.214,5.147,0.852,22.800,3.05,512.0,2100.0
scan,negsparse_q0414_m50k,negsparse,50000,32768,1,0.7000,0.0000,0.00007,18.455,18.455,18.455,0.221,3.915,7.926,6.393,3.05,4096.0,2100.0
scan,negsparse_q0414_m150k,negsparse,150000,4096,1,0.4000,0.0000,0.00005,37.548,37.548,37.548,0.617,12.732,1.401,22.798,9.16,512.0,2100.0
scan,negsparse_q0414_m150k,negsparse,150000,32768,1,0.5000,0.0000,0.00003,35.658,35.658,35.658,0.644,15.178,9.341,10.496,9.16,4096.0,2100.0
scan,negsparse_q0414_m300k,negsparse,300000,4096,1,0.4000,0.0000,0.00005,48.052,48.052,48.052,1.355,24.909,1.327,20.462,18.31,512.0,2100.0
scan,negsparse_q0414_m300k,negsparse,300000,32768,1,0.3000,0.0000,0.00004,55.123,55.123,55.123,1.433,29.762,11.321,12.607,18.31,4096.0,2100.0
scan,negsparse_q0414_m1m,negsparse,1000000,4096,1,0.3000,0.0000,0.00002,148.551,148.551,148.551,10.884,115.232,1.712,20.723,61.04,512.0,2100.0
scan,negsparse_q0414_m1m,negsparse,1000000,32768,1,0.2000,0.0000,0.00004,149.000,149.000,149.000,10.781,115.469,11.344,11.406,61.04,4096.0,2100.0
scan,negsparse_q0414_m2m,negsparse,2000000,4096,1,0.0000,0.0000,0.00009,231.408,231.408,231.408,16.335,194.206,1.825,19.042,122.07,512.0,2100.0
scan,negsparse_q0414_m2m,negsparse,2000000,32768,1,0.0000,0.0000,0.00006,228.953,228.953,228.953,16.359,191.402,11.435,9.757,122.07,4096.0,2100.0
scan,negsparse_q0414_m4m,negsparse,4000000,4096,1,0.0000,0.0000,0.00006,256.011,256.011,256.011,28.224,213.315,1.816,12.656,244.14,512.0,2100.0
scan,negsparse_q0414_m4m,negsparse,4000000,32768,1,0.1000,0.0000,0.00004,262.926,262.926,262.926,28.236,213.860,12.112,8.718,244.14,4096.0,2100.0
scan,negsparse_q0419_m50k,negsparse,50000,4096,1,0.5000,0.0000,0.00009,30.796,30.796,30.796,0.225,5.044,0.873,24.654,3.05,512.0,2100.0
scan,negsparse_q0419_m50k,negsparse,50000,32768,1,0.5000,0.0000,0.00009,22.776,22.776,22.776,0.220,5.342,8.180,9.033,3.05,4096.0,2100.0
scan,negsparse_q0419_m150k,negsparse,150000,4096,1,0.1000,0.0000,0.00022,36.262,36.262,36.262,0.625,12.866,1.193,21.579,9.16,512.0,2100.0
scan,negsparse_q0419_m150k,negsparse,150000,32768,1,0.1000,0.0000,0.00017,36.172,36.172,36.172,0.644,15.820,8.554,11.154,9.16,4096.0,2100.0
scan,negsparse_q0419_m300k,negsparse,300000,4096,1,0.1000,0.0000,0.00009,46.143,46.143,46.143,1.491,24.938,1.282,18.433,18.31,512.0,2100.0
scan,negsparse_q0419_m300k,negsparse,300000,32768,1,0.2000,0.0000,0.00005,51.562,51.562,51.562,1.481,28.692,9.969,11.420,18.31,4096.0,2100.0
scan,negsparse_q0419_m1m,negsparse,1000000,4096,1,0.3000,0.0000,0.00006,143.236,143.236,143.236,10.798,114.322,1.717,16.399,61.04,512.0,2100.0
scan,negsparse_q0419_m1m,negsparse,1000000,32768,1,0.1000,0.0000,0.00007,155.622,155.622,155.622,10.803,116.076,12.567,16.176,61.04,4096.0,2100.0
scan,negsparse_q0419_m2m,negsparse,2000000,4096,1,0.0000,0.0000,0.00007,231.600,231.600,231.600,16.601,191.032,1.769,22.198,122.07,512.0,2100.0
scan,negsparse_q0419_m2m,negsparse,2000000,32768,1,0.1000,0.0000,0.00003,236.329,236.329,236.329,16.593,192.832,11.784,15.119,122.07,4096.0,2100.0
scan,negsparse_q0419_m4m,negsparse,4000000,4096,1,0.1000,0.0000,0.00005,256.632,256.632,256.632,28.080,211.820,1.766,14.966,244.14,512.0,2100.0
scan,negsparse_q0419_m4m,negsparse,4000000,32768,1,0.0000,0.0000,0.00005,262.437,262.437,262.437,28.422,214.067,11.528,8.420,244.14,4096.0,2100.0
scan,negsparse_q0422_m50k,negsparse,50000,4096,1,0.9000,0.0000,0.00003,32.607,32.607,32.607,0.220,5.005,0.965,26.417,3.05,512.0,2100.0
scan,negsparse_q0422_m50k,negsparse,50000,32768,1,1.0000,1.0000,0.00000,19.784,19.784,19.784,0.222,6.444,7.666,5.452,3.05,4096.0,2100.0
scan,negsparse_q0422_m150k,negsparse,150000,4096,1,0.6000,0.0000,0.00004,35.193,35.193,35.193,0.615,12.742,1.096,20.741,9.16,512.0,2100.0
scan,negsparse_q0422_m150k,negsparse,150000,32768,1,0.9000,0.0000,0.00000,32.363,32.363,32.363,0.637,14.790,9.319,7.616,9.16,4096.0,2100.0
scan,negsparse_q0422_m300k,negsparse,300000,4096,1,0.3000,0.0000,0.00007,50.831,50.831,50.831,1.415,24.988,1.471,22.957,18.31,512.0,2100.0
scan,negsparse_q0422_m300k,negsparse,300000,32768,1,0.4000,0.0000,0.00003,50.476,50.476,50.476,1.473,28.423,9.914,10.665,18.31,4096.0,2100.0
scan,negsparse_q0422_m1m,negsparse,1000000,4096,1,0.2000,0.0000,0.00007,148.013,148.013,148.013,10.582,114.853,1.778,20.800,61.04,512.0,2100.0
scan,negsparse_q0422_m1m,negsparse,1000000,32768,1,0.3000,0.0000,0.00005,150.777,150.777,150.777,10.667,115.663,11.639,12.809,61.04,4096.0,2100.0
scan,negsparse_q0422_m2m,negsparse,2000000,4096,1,0.0000,0.0000,0.00008,227.582,227.582,227.582,16.249,191.237,1.783,18.313,122.07,512.0,2100.0
scan,negsparse_q0422_m2m,negsparse,2000000,32768,1,0.1000,0.0000,0.00005,236.390,236.390,236.390,16.736,194.769,12.220,12.665,122.07,4096.0,2100.0
scan,negsparse_q0422_m4m,negsparse,4000000,4096,1,0.0000,0.0000,0.00007,262.943,262.943,262.943,28.807,213.067,1.805,19.264,244.14,512.0,2100.0
scan,negsparse_q0422_m4m,negsparse,4000000,32768,1,0.1000,0.0000,0.00003,262.329,262.329,262.329,28.186,213.465,11.792,8.886,244.14,4096.0,2100.0
scan,negsparse_q0429_m50k,negsparse,50000,4096,1,0.9000,0.0000,0.00001,29.641,29.641,29.641,0.212,4.947,0.836,23.646,3.05,512.0,2100.0
scan,negsparse_q0429_m50k,negsparse,50000,32768,1,0.9000,0.0000,0.00001,18.783,18.783,18.783,0.220,5.566,9.696,3.301,3.05,4096.0,2100.0
scan,negsparse_q0429_m150k,negsparse,150000,4096,1,0.4000,0.0000,0.00004,34.176,34.176,34.176,0.611,12.777,1.101,19.686,9.16,512.0,2100.0
scan,negsparse_q0429_m150k,negsparse,150000,32768,1,0.4000,0.0000,0.00003,32.098,32.098,32.098,0.639,15.769,9.019,6.671,9.16,4096.0,2100.0
scan,negsparse_q0429_m300k,negsparse,300000,4096,1,0.2000,0.0000,0.00009,44.513,44.513,44.513,1.407,25.022,1.324,16.760,18.31,512.0,2100.0
scan,negsparse_q0429_m300k,negsparse,300000,32768,1,0.2000,0.0000,0.00008,45.098,45.098,45.098,1.467,27.788,9.820,6.022,18.31,4096.0,2100.0
scan,negsparse_q0429_m1m,negsparse,1000000,4096,1,0.2000,0.0000,0.00008,146.852,146.852,146.852,10.733,114.770,1.591,19.758,61.04,512.0,2100.0
scan,negsparse_q0429_m1m,negsparse,1000000,32768,1,0.1000,0.0000,0.00007,149.226,149.226,149.226,10.832,116.096,12.193,10.104,61.04,4096.0,2100.0
scan,negsparse_q0429_m2m,negsparse,2000000,4096,1,0.1000,0.0000,0.00005,230.898,230.898,230.898,16.476,192.294,1.640,20.488,122.07,512.0,2100.0
scan,negsparse_q0429_m2m,negsparse,2000000,32768,1,0.0000,0.0000,0.00006,231.640,231.640,231.640,16.626,191.142,11.399,12.473,122.07,4096.0,2100.0
scan,negsparse_q0429_m4m,negsparse,4000000,4096,1,0.0000,0.0000,0.00010,257.043,257.043,257.043,27.701,215.166,1.748,12.428,244.14,512.0,2100.0
scan,negsparse_q0429_m4m,negsparse,4000000,32768,1,0.1000,0.0000,0.00006,265.923,265.923,265.923,28.010,216.347,11.708,9.858,244.14,4096.0,2100.0
scan,negsparse_q0431_m50k,negsparse,50000,4096,1,0.7000,0.0000,0.00009,29.552,29.552,29.552,0.206,5.021,1.152,23.173,3.05,512.0,2100.0
scan,negsparse_q0431_m50k,negsparse,50000,32768,1,1.0000,1.0000,0.00000,19.066,19.066,19.066,0.221,6.033,8.604,4.208,3.05,4096.0,2100.0
scan,negsparse_q0431_m150k,negsparse,150000,4096,1,1.0000,1.0000,0.00000,36.552,36.552,36.552,0.612,12.811,1.142,21.987,9.16,512.0,2100.0
scan,negsparse_q0431_m150k,negsparse,150000,32768,1,0.8000,0.0000,0.00004,30.392,30.392,30.392,0.645,15.191,8.568,5.988,9.16,4096.0,2100.0
scan,negsparse_q0431_m300k,negsparse,300000,4096,1,0.1000,0.0000,0.00009,51.505,51.505,51.505,1.333,24.949,1.476,23.747,18.31,512.0,2100.0
scan,negsparse_q0431_m300k,negsparse,300000,32768,1,0.2000,0.0000,0.00007,48.172,48.172,48.172,1.371,28.180,10.677,7.944,18.31,4096.0,2100.0
scan,negsparse_q0431_m1m,negsparse,1000000,4096,1,0.0000,0.0000,0.00006,144.611,144.611,144.611,10.603,116.267,1.820,15.921,61.04,512.0,2100.0
scan,negsparse_q0431_m1m,negsparse,1000000,32768,1,0.0000,0.0000,0.00009,147.689,147.689,147.689,10.728,115.778,11.876,9.306,61.04,4096.0,2100.0
scan,negsparse_q0431_m2m,negsparse,2000000,4096,1,0.0000,0.0000,0.00005,223.807,223.807,223.807,16.186,190.070,1.736,15.816,122.07,512.0,2100.0
scan,negsparse_q0431_m2m,negsparse,2000000,32768,1,0.1000,0.0000,0.00005,229.387,229.387,229.387,16.682,191.269,11.468,9.968,122.07,4096.0,2100.0
scan,negsparse_q0431_m4m,negsparse,4000000,4096,1,0.1000,0.0000,0.00004,259.239,259.239,259.239,27.905,213.210,1.797,16.326,244.14,512.0,2100.0
scan,negsparse_q0431_m4m,negsparse,4000000,32768,1,0.0000,0.0000,0.00004,267.433,267.433,267.433,28.147,216.931,11.572,10.782,244.14,4096.0,2100.0
scan,negsparse_q0445_m50k,negsparse,50000,4096,1,0.9000,0.0000,0.00000,31.301,31.301,31.301,0.210,4.895,0.835,25.361,3.05,512.0,2100.0
scan,negsparse_q0445_m50k,negsparse,50000,32768,1,0.9000,0.0000,0.00000,19.698,19.698,19.698,0.222,5.960,7.708,5.808,3.05,4096.0,2100.0
scan,negsparse_q0445_m150k,negsparse,150000,4096,1,0.4000,0.0000,0.00008,39.448,39.448,39.448,0.652,13.231,1.415,24.149,9.16,512.0,2100.0
scan,negsparse_q0445_m150k,negsparse,150000,32768,1,0.4000,0.0000,0.00005,32.150,32.150,32.150,0.648,16.105,8.965,6.432,9.16,4096.0,2100.0
scan,negsparse_q0445_m300k,negsparse,300000,4096,1,0.4000,0.0000,0.00003,51.265,51.265,51.265,1.383,25.030,1.305,23.547,18.31,512.0,2100.0
scan,negsparse_q0445_m300k,negsparse,300000,32768,1,0.5000,0.0000,0.00002,48.269,48.269,48.269,1.419,28.304,9.511,9.035,18.31,4096.0,2100.0
scan,negsparse_q0445_m1m,negsparse,1000000,4096,1,0.1000,0.0000,0.00006,141.990,141.990,141.990,10.662,114.350,1.673,15.305,61.04,512.0,2100.0
scan,negsparse_q0445_m1m,negsparse,1000000,32768,1,0.0000,0.0000,0.00006,150.865,150.865,150.865,11.058,115.813,11.267,12.726,61.04,4096.0,2100.0
scan,negsparse_q0445_m2m,negsparse,2000000,4096,1,0.1000,0.0000,0.00004,226.990,226.990,226.990,16.419,191.799,1.810,16.961,122.07,512.0,2100.0
scan,negsparse_q0445_m2m,negsparse,2000000,32768,1,0.1000,0.0000,0.00003,229.870,229.870,229.870,16.517,190.925,12.136,10.292,122.07,4096.0,2100.0
scan,negsparse_q0445_m4m,negsparse,4000000,4096,1,0.1000,0.0000,0.00005,257.812,257.812,257.812,27.828,213.098,1.794,15.092,244.14,512.0,2100.0
scan,negsparse_q0445_m4m,negsparse,4000000,32768,1,0.0000,0.0000,0.00005,262.868,262.868,262.868,28.186,213.714,11.638,9.329,244.14,4096.0,2100.0
scan,negsparse_q0450_m50k,negsparse,50000,4096,1,0.7000,0.0000,0.00005,31.905,31.905,31.905,0.210,5.124,1.022,25.550,3.05,512.0,2100.0
scan,negsparse_q0450_m50k,negsparse,50000,32768,1,0.8000,0.0000,0.00004,21.866,21.866,21.866,0.221,6.425,8.038,7.181,3.05,4096.0,2100.0
scan,negsparse_q0450_m150k,negsparse,150000,4096,1,0.7000,0.0000,0.00002,39.298,39.298,39.298,0.616,12.809,1.140,24.732,9.16,512.0,2100.0
scan,negsparse_q0450_m150k,negsparse,150000,32768,1,0.8000,0.0000,0.00001,34.205,34.205,34.205,0.649,14.495,8.733,10.329,9.16,4096.0,2100.0
scan,negsparse_q0450_m300k,negsparse,300000,4096,1,0.0000,0.0000,0.00012,49.058,49.058,49.058,1.334,24.618,1.290,21.817,18.31,512.0,2100.0
scan,negsparse_q0450_m300k,negsparse,300000,32768,1,0.0000,0.0000,0.00010,66.211,66.211,66.211,1.356,28.264,12.490,24.100,18.31,4096.0,2100.0
scan,negsparse_q0450_m1m,negsparse,1000000,4096,1,0.0000,0.0000,0.00006,152.710,152.710,152.710,10.802,114.484,1.731,25.693,61.04,512.0,2100.0
scan,negsparse_q0450_m1m,negsparse,1000000,32768,1,0.1000,0.0000,0.00006,152.927,152.927,152.927,10.853,115.169,11.619,15.286,61.04,4096.0,2100.0
scan,negsparse_q0450_m2m,negsparse,2000000,4096,1,0.1000,0.0000,0.00009,231.566,231.566,231.566,16.275,190.366,1.860,23.064,122.07,512.0,2100.0
scan,negsparse_q0450_m2m,negsparse,2000000,32768,1,0.1000,0.0000,0.00007,234.689,234.689,234.689,16.726,190.541,11.811,15.610,122.07,4096.0,2100.0
scan,negsparse_q0450_m4m,negsparse,4000000,4096,1,0.0000,0.0000,0.00009,257.203,257.203,257.203,27.981,211.701,1.793,15.729,244.14,512.0,2100.0
scan,negsparse_q0450_m4m,negsparse,4000000,32768,1,0.0000,0.0000,0.00005,263.080,263.080,263.080,28.100,213.612,11.412,9.956,244.14,4096.0,2100.0
scan,negsparse_q0455_m50k,negsparse,50000,4096,1,0.7000,0.0000,0.00007,29.124,29.124,29.124,0.221,5.006,0.883,23.014,3.05,512.0,2100.0
scan,negsparse_q0455_m50k,negsparse,50000,32768,1,0.9000,0.0000,0.00001,19.047,19.047,19.047,0.222,6.097,7.885,4.843,3.05,4096.0,2100.0
scan,negsparse_q0455_m150k,negsparse,150000,4096,1,0.5000,0.0000,0.00004,34.168,34.168,34.168,0.645,12.749,1.172,19.602,9.16,512.0,2100.0
scan,negsparse_q0455_m150k,negsparse,150000,32768,1,0.8000,0.0000,0.00001,35.728,35.728,35.728,0.640,15.523,10.076,9.490,9.16,4096.0,2100.0
scan,negsparse_q0455_m300k,negsparse,300000,4096,1,0.3000,0.0000,0.00004,48.844,48.844,48.844,1.325,24.875,1.454,21.189,18.31,512.0,2100.0
scan,negsparse_q0455_m300k,negsparse,300000,32768,1,0.4000,0.0000,0.00004,47.724,47.724,47.724,1.393,27.199,9.945,9.187,18.31,4096.0,2100.0
scan,negsparse_q0455_m1m,negsparse,1000000,4096,1,0.0000,0.0000,0.00009,148.033,148.033,148.033,10.538,114.577,1.670,21.249,61.04,512.0,2100.0
scan,negsparse_q0455_m1m,negsparse,1000000,32768,1,0.0000,0.0000,0.00008,153.270,153.270,153.270,10.820,115.810,13.002,13.638,61.04,4096.0,2100.0
scan,negsparse_q0455_m2m,negsparse,2000000,4096,1,0.1000,0.0000,0.00003,229.576,229.576,229.576,16.283,189.959,1.844,21.490,122.07,512.0,2100.0
scan,negsparse_q0455_m2m,negsparse,2000000,32768,1,0.1000,0.0000,0.00004,232.554,232.554,232.554,16.368,191.417,11.946,12.823,122.07,4096.0,2100.0
scan,negsparse_q0455_m4m,negsparse,4000000,4096,1,0.0000,0.0000,0.00009,257.847,257.847,257.847,28.200,212.397,1.789,15.462,244.14,512.0,2100.0
scan,negsparse_q0455_m4m,negsparse,4000000,32768,1,0.0000,0.0000,0.00006,264.516,264.516,264.516,28.031,213.225,11.443,11.817,244.14,4096.0,2100.0
scan,negsparse_q0460_m50k,negsparse,50000,4096,1,0.8000,0.0000,0.00002,37.996,37.996,37.996,0.213,4.821,0.869,32.093,3.05,512.0,2100.0
scan,negsparse_q0460_m50k,negsparse,50000,32768,1,0.8000,0.0000,0.00002,19.506,19.506,19.506,0.221,6.863,7.852,4.570,3.05,4096.0,2100.0
scan,negsparse_q0460_m150k,negsparse,150000,4096,1,0.4000,0.0000,0.00004,35.451,35.451,35.451,0.612,12.900,1.058,20.882,9.16,512.0,2100.0
scan,negsparse_q0460_m150k,negsparse,150000,32768,1,0.4000,0.0000,0.00004,31.954,31.954,31.954,0.644,14.344,8.668,8.297,9.16,4096.0,2100.0
scan,negsparse_q0460_m300k,negsparse,300000,4096,1,0.3000,0.0000,0.00007,45.512,45.512,45.512,1.318,24.756,1.359,18.079,18.31,512.0,2100.0
scan,negsparse_q0460_m300k,negsparse,300000,32768,1,0.3000,0.0000,0.00008,46.442,46.442,46.442,1.410,27.605,10.724,6.703,18.31,4096.0,2100.0
scan,negsparse_q0460_m1m,negsparse,1000000,4096,1,0.1000,0.0000,0.00005,152.041,152.041,152.041,10.512,115.115,1.675,24.739,61.04,512.0,2100.0
scan,negsparse_q0460_m1m,negsparse,1000000,32768,1,0.1000,0.0000,0.00003,147.090,147.090,147.090,10.609,116.328,11.246,8.907,61.04,4096.0,2100.0
scan,negsparse_q0460_m2m,negsparse,2000000,4096,1,0.1000,0.0000,0.00005,223.347,223.347,223.347,16.682,190.468,1.751,14.445,122.07,512.0,2100.0
scan,negsparse_q0460_m2m,negsparse,2000000,32768,1,0.1000,0.0000,0.00004,236.596,236.596,236.596,16.703,196.281,12.539,11.073,122.07,4096.0,2100.0
scan,negsparse_q0460_m4m,negsparse,4000000,4096,1,0.0000,0.0000,0.00006,258.945,258.945,258.945,28.207,214.724,1.771,14.243,244.14,512.0,2100.0
scan,negsparse_q0460_m4m,negsparse,4000000,32768,1,0.0000,0.0000,0.00005,263.898,263.898,263.898,28.430,213.874,11.791,9.803,244.14,4096.0,2100.0
scan,negsparse_q0464_m50k,negsparse,50000,4096,1,0.7000,0.0000,0.00003,35.890,35.890,35.890,0.206,4.903,0.857,29.924,3.05,512.0,2100.0
scan,negsparse_q0464_m50k,negsparse,50000,32768,1,0.9000,0.0000,0.00000,21.461,21.461,21.461,0.222,4.864,7.649,8.727,3.05,4096.0,2100.0
scan,negsparse_q0464_m150k,negsparse,150000,4096,1,0.4000,0.0000,0.00010,37.616,37.616,37.616,0.634,12.577,1.148,23.257,9.16,512.0,2100.0
scan,negsparse_q0464_m150k,negsparse,150000,32768,1,0.9000,0.0000,0.00000,37.112,37.112,37.112,0.646,14.891,9.755,11.820,9.16,4096.0,2100.0
scan,negsparse_q0464_m300k,negsparse,300000,4096,1,0.1000,0.0000,0.00010,47.670,47.670,47.670,1.519,25.371,1.371,19.410,18.31,512.0,2100.0
scan,negsparse_q0464_m300k,negsparse,300000,32768,1,0.4000,0.0000,0.00006,49.813,49.813,49.813,1.558,28.421,9.974,9.861,18.31,4096.0,2100.0
scan,negsparse_q0464_m1m,negsparse,1000000,4096,1,0.0000,0.0000,0.00005,147.244,147.244,147.244,10.552,114.471,1.689,20.531,61.04,512.0,2100.0
scan,negsparse_q0464_m1m,negsparse,1000000,32768,1,0.0000,0.0000,0.00003,152.441,152.441,152.441,10.737,115.632,11.337,14.736,61.04,4096.0,2100.0
scan,negsparse_q0464_m2m,negsparse,2000000,4096,1,0.0000,0.0000,0.00005,226.841,226.841,226.841,16.263,191.735,1.743,17.100,122.07,512.0,2100.0
scan,negsparse_q0464_m2m,negsparse,2000000,32768,1,0.0000,0.0000,0.00003,231.905,231.905,231.905,16.552,191.839,11.789,11.724,122.07,4096.0,2100.0
scan,negsparse_q0464_m4m,negsparse,4000000,4096,1,0.0000,0.0000,0.00005,261.505,261.505,261.505,28.016,216.089,1.790,15.610,244.14,512.0,2100.0
scan,negsparse_q0464_m4m,negsparse,4000000,32768,1,0.0000,0.0000,0.00007,265.220,265.220,265.220,28.246,214.772,11.784,10.418,244.14,4096.0,2100.0
scan,negsparse_q0470_m50k,negsparse,50000,4096,1,0.5000,0.0000,0.00008,35.654,35.654,35.654,0.209,4.744,0.842,29.858,3.05,512.0,2100.0
scan,negsparse_q0470_m50k,negsparse,50000,32768,1,0.8000,0.0000,0.00002,23.489,23.489,23.489,0.221,6.318,8.606,8.343,3.05,4096.0,2100.0
scan,negsparse_q0470_m150k,negsparse,150000,4096,1,0.5000,0.0000,0.00006,40.191,40.191,40.191,0.612,12.675,1.367,25.537,9.16,512.0,2100.0
scan,negsparse_q0470_m150k,negsparse,150000,32768,1,0.5000,0.0000,0.00007,36.805,36.805,36.805,0.640,15.034,9.562,11.570,9.16,4096.0,2100.0
scan,negsparse_q0470_m300k,negsparse,300000,4096,1,0.3000,0.0000,0.00004,50.338,50.338,50.338,1.330,24.648,1.519,22.841,18.31,512.0,2100.0
scan,negsparse_q0470_m300k,negsparse,300000,32768,1,0.3000,0.0000,0.00004,52.823,52.823,52.823,1.379,27.305,10.160,13.979,18.31,4096.0,2100.0
scan,negsparse_q0470_m1m,negsparse,1000000,4096,1,0.1000,0.0000,0.00012,150.964,150.964,150.964,10.714,114.237,1.695,24.318,61.04,512.0,2100.0
scan,negsparse_q0470_m1m,negsparse,1000000,32768,1,0.1000,0.0000,0.00004,150.336,150.336,150.336,10.848,115.191,11.432,12.864,61.04,4096.0,2100.0
scan,negsparse_q0470_m2m,negsparse,2000000,4096,1,0.1000,0.0000,0.00009,232.358,232.358,232.358,16.540,192.764,1.735,21.318,122.07,512.0,2100.0
scan,negsparse_q0470_m2m,negsparse,2000000,32768,1,0.2000,0.0000,0.00002,236.451,236.451,236.451,16.390,193.123,12.082,14.857,122.07,4096.0,2100.0
scan,negsparse_q0470_m4m,negsparse,4000000,4096,1,0.0000,0.0000,0.00004,265.650,265.650,265.650,28.054,215.804,1.746,20.046,244.14,512.0,2100.0
scan,negsparse_q0470_m4m,negsparse,4000000,32768,1,0.0000,0.0000,0.00002,270.115,270.115,270.115,27.961,216.179,11.434,14.540,244.14,4096.0,2100.0
scan,negsparse_q0475_m50k,negsparse,50000,4096,1,0.9000,0.0000,0.00001,33.125,33.125,33.125,0.210,4.840,0.856,27.220,3.05,512.0,2100.0
scan,negsparse_q0475_m50k,negsparse,50000,32768,1,0.9000,0.0000,-0.00000,21.779,21.779,21.779,0.221,5.145,8.404,8.010,3.05,4096.0,2100.0
scan,negsparse_q0475_m150k,negsparse,150000,4096,1,0.3000,0.0000,0.00010,38.970,38.970,38.970,0.617,12.757,1.060,24.536,9.16,512.0,2100.0
scan,negsparse_q0475_m150k,negsparse,150000,32768,1,0.4000,0.0000,0.00007,36.593,36.593,36.593,0.641,14.815,9.222,11.915,9.16,4096.0,2100.0
scan,negsparse_q0475_m300k,negsparse,300000,4096,1,0.2000,0.0000,0.00010,53.400,53.400,53.400,1.359,24.771,1.226,26.044,18.31,512.0,2100.0
scan,negsparse_q0475_m300k,negsparse,300000,32768,1,0.3000,0.0000,0.00005,50.295,50.295,50.295,1.465,27.383,9.596,11.851,18.31,4096.0,2100.0
scan,negsparse_q0475_m1m,negsparse,1000000,4096,1,0.1000,0.0000,0.00007,145.911,145.911,145.911,10.694,114.539,1.618,19.061,61.04,512.0,2100.0
scan,negsparse_q0475_m1m,negsparse,1000000,32768,1,0.0000,0.0000,0.00005,148.319,148.319,148.319,10.915,115.460,11.077,10.867,61.04,4096.0,2100.0
scan,negsparse_q0475_m2m,negsparse,2000000,4096,1,0.0000,0.0000,0.00005,229.242,229.242,229.242,16.318,191.407,1.760,19.757,122.07,512.0,2100.0
scan,negsparse_q0475_m2m,negsparse,2000000,32768,1,0.0000,0.0000,0.00008,231.557,231.557,231.557,16.446,191.006,11.309,12.796,122.07,4096.0,2100.0
scan,negsparse_q0475_m4m,negsparse,4000000,4096,1,0.1000,0.0000,0.00004,258.589,258.589,258.589,27.944,217.373,1.879,11.393,244.14,512.0,2100.0
scan,negsparse_q0475_m4m,negsparse,4000000,32768,1,0.0000,0.0000,0.00009,263.400,263.400,263.400,27.892,214.663,11.715,9.130,244.14,4096.0,2100.0
scan,negsparse_q0479_m50k,negsparse,50000,4096,1,0.4000,0.0000,0.00014,32.158,32.158,32.158,0.209,4.931,1.324,25.694,3.05,512.0,2100.0
scan,negsparse_q0479_m50k,negsparse,50000,32768,1,0.6000,0.0000,0.00010,19.440,19.440,19.440,0.221,5.958,8.328,4.933,3.05,4096.0,2100.0
scan,negsparse_q0479_m150k,negsparse,150000,4096,1,0.3000,0.0000,0.00007,34.395,34.395,34.395,0.628,12.796,1.201,19.770,9.16,512.0,2100.0
scan,negsparse_q0479_m150k,negsparse,150000,32768,1,0.5000,0.0000,0.00003,30.846,30.846,30.846,0.653,14.501,8.780,6.912,9.16,4096.0,2100.0
scan,negsparse_q0479_m300k,negsparse,300000,4096,1,0.4000,0.0000,0.00006,61.640,61.640,61.640,1.406,25.681,1.770,32.784,18.31,512.0,2100.0
scan,negsparse_q0479_m300k,negsparse,300000,32768,1,0.4000,0.0000,0.00006,51.570,51.570,51.570,1.547,28.638,10.169,11.215,18.31,4096.0,2100.0
scan,negsparse_q0479_m1m,negsparse,1000000,4096,1,0.3000,0.0000,0.00004,151.326,151.326,151.326,10.727,115.520,1.650,23.430,61.04,512.0,2100.0
scan,negsparse_q0479_m1m,negsparse,1000000,32768,1,0.2000,0.0000,0.00003,148.171,148.171,148.171,10.818,114.768,11.182,11.404,61.04,4096.0,2100.0
scan,negsparse_q0479_m2m,negsparse,2000000,4096,1,0.0000,0.0000,0.00004,227.471,227.471,227.471,16.481,191.024,1.817,18.149,122.07,512.0,2100.0
scan,negsparse_q0479_m2m,negsparse,2000000,32768,1,0.0000,0.0000,0.00002,232.169,232.169,232.169,16.534,190.836,12.068,12.731,122.07,4096.0,2100.0
scan,negsparse_q0479_m4m,negsparse,4000000,4096,1,0.0000,0.0000,0.00004,261.895,261.895,261.895,27.730,214.701,1.787,17.677,244.14,512.0,2100.0
scan,negsparse_q0479_m4m,negsparse,4000000,32768,1,0.0000,0.0000,0.00003,262.433,262.433,262.433,28.042,214.879,11.572,7.940,244.14,4096.0,2100.0
scan,negsparse_q0506_m50k,negsparse,50000,4096,1,0.3000,0.0000,0.00015,27.139,27.139,27.139,0.209,4.854,0.865,21.212,3.05,512.0,2100.0
scan,negsparse_q0506_m50k,negsparse,50000,32768,1,0.7000,0.0000,0.00004,22.409,22.409,22.409,0.231,4.676,7.904,9.598,3.05,4096.0,2100.0
scan,negsparse_q0506_m150k,negsparse,150000,4096,1,0.3000,0.0000,0.00007,46.928,46.928,46.928,0.624,12.704,1.073,32.527,9.16,512.0,2100.0
scan,negsparse_q0506_m150k,negsparse,150000,32768,1,0.5000,0.0000,0.00004,35.714,35.714,35.714,0.637,15.904,8.652,10.520,9.16,4096.0,2100.0
scan,negsparse_q0506_m300k,negsparse,300000,4096,1,0.1000,0.0000,0.00010,49.495,49.495,49.495,1.360,24.879,1.483,21.773,18.31,512.0,2100.0
scan,negsparse_q0506_m300k,negsparse,300000,32768,1,0.0000,0.0000,0.00008,49.549,49.549,49.549,1.451,27.555,9.971,10.572,18.31,4096.0,2100.0
scan,negsparse_q0506_m1m,negsparse,1000000,4096,1,0.0000,0.0000,0.00005,149.214,149.214,149.214,10.545,114.594,1.689,22.386,61.04,512.0,2100.0
scan,negsparse_q0506_m1m,negsparse,1000000,32768,1,0.0000,0.0000,0.00009,159.024,159.024,159.024,10.778,118.122,11.401,18.723,61.04,4096.0,2100.0
scan,negsparse_q0506_m2m,negsparse,2000000,4096,1,0.0000,0.0000,0.00012,230.969,230.969,230.969,16.255,193.861,1.852,19.001,122.07,512.0,2100.0
scan,negsparse_q0506_m2m,negsparse,2000000,32768,1,0.0000,0.0000,0.00005,235.401,235.401,235.401,16.576,190.668,12.023,16.135,122.07,4096.0,2100.0
scan,negsparse_q0506_m4m,negsparse,4000000,4096,1,0.0000,0.0000,0.00004,262.231,262.231,262.231,27.811,213.576,1.772,19.071,244.14,512.0,2100.0
scan,negsparse_q0506_m4m,negsparse,4000000,32768,1,0.0000,0.0000,0.00004,266.298,266.298,266.298,28.110,213.753,11.804,12.631,244.14,4096.0,2100.0
