filter,family,size,b1,queries,recall_at_10,perfect_frac,sim_regret,p50_ms,p95_ms,p99_ms,allow_iter_p50_ms,stage1_p50_ms,stage2_p50_ms,stage3_p50_ms,stage1_mb_per_q,stage2_kb_per_q,stage3_kb_per_q
anticorr_q0041_tau0,anticorr,9900000,4096,1,0.0000,0.0000,0.00003,332.434,332.434,332.434,62.751,229.672,1.950,38.061,604.25,512.0,2100.0
anticorr_q0041_tau0,anticorr,9900000,32768,1,0.1000,0.0000,0.00001,330.840,330.840,330.840,62.295,232.679,12.570,23.296,604.25,4096.0,2100.0
anticorr_q0041_tau0.01,anticorr,9900239,4096,1,0.9000,0.0000,0.00038,333.677,333.677,333.677,64.667,230.990,1.835,36.186,604.26,512.0,2100.0
anticorr_q0041_tau0.01,anticorr,9900239,32768,1,0.9000,0.0000,0.00038,318.346,318.346,318.346,63.282,231.070,11.923,12.072,604.26,4096.0,2100.0
anticorr_q0041_tau0.03,anticorr,9900507,4096,1,1.0000,1.0000,0.00000,315.087,315.087,315.087,61.816,229.337,1.640,22.293,604.28,512.0,2100.0
anticorr_q0041_tau0.03,anticorr,9900507,32768,1,1.0000,1.0000,0.00000,309.327,309.327,309.327,62.576,230.721,12.306,3.724,604.28,4096.0,2100.0
anticorr_q0059_tau0,anticorr,9900000,4096,1,0.0000,0.0000,0.00004,333.002,333.002,333.002,63.306,227.911,1.888,39.897,604.25,512.0,2100.0
anticorr_q0059_tau0,anticorr,9900000,32768,1,0.1000,0.0000,0.00004,332.258,332.258,332.258,64.856,232.678,11.890,22.835,604.25,4096.0,2100.0
anticorr_q0059_tau0.01,anticorr,9899959,4096,1,0.8000,0.0000,0.00006,328.720,328.720,328.720,63.691,227.660,1.864,35.505,604.25,512.0,2100.0
anticorr_q0059_tau0.01,anticorr,9899959,32768,1,1.0000,1.0000,0.00000,323.861,323.861,323.861,62.736,234.323,11.969,14.832,604.25,4096.0,2100.0
anticorr_q0059_tau0.03,anticorr,9899896,4096,1,1.0000,1.0000,0.00000,323.827,323.827,323.827,62.851,227.528,1.805,31.644,604.24,512.0,2100.0
anticorr_q0059_tau0.03,anticorr,9899896,32768,1,1.0000,1.0000,0.00000,311.486,311.486,311.486,63.599,231.234,11.625,5.028,604.24,4096.0,2100.0
anticorr_q0064_tau0,anticorr,9900000,4096,1,0.0000,0.0000,0.00003,329.088,329.088,329.088,63.522,229.242,1.922,34.402,604.25,512.0,2100.0
anticorr_q0064_tau0,anticorr,9900000,32768,1,0.0000,0.0000,0.00003,335.293,335.293,335.293,61.875,232.885,12.302,28.230,604.25,4096.0,2100.0
anticorr_q0064_tau0.01,anticorr,9900317,4096,1,0.9000,0.0000,0.00074,333.010,333.010,333.010,62.078,229.903,1.913,39.115,604.27,512.0,2100.0
anticorr_q0064_tau0.01,anticorr,9900317,32768,1,1.0000,1.0000,0.00000,324.581,324.581,324.581,62.836,231.444,11.841,18.460,604.27,4096.0,2100.0
anticorr_q0064_tau0.03,anticorr,9899835,4096,1,1.0000,1.0000,0.00000,323.272,323.272,323.272,62.466,227.684,1.807,31.315,604.24,512.0,2100.0
anticorr_q0064_tau0.03,anticorr,9899835,32768,1,1.0000,1.0000,0.00000,315.264,315.264,315.264,62.602,235.546,12.041,5.076,604.24,4096.0,2100.0
anticorr_q0073_tau0,anticorr,9900001,4096,1,0.1000,0.0000,0.00002,325.529,325.529,325.529,62.461,227.692,1.889,33.488,604.25,512.0,2100.0
anticorr_q0073_tau0,anticorr,9900001,32768,1,0.0000,0.0000,0.00006,326.578,326.578,326.578,63.501,232.190,11.933,18.954,604.25,4096.0,2100.0
anticorr_q0073_tau0.01,anticorr,9899943,4096,1,0.9000,0.0000,0.00006,317.564,317.564,317.564,62.947,227.477,1.885,25.255,604.24,512.0,2100.0
anticorr_q0073_tau0.01,anticorr,9899943,32768,1,0.9000,0.0000,0.00006,320.052,320.052,320.052,62.686,232.413,11.796,13.157,604.24,4096.0,2100.0
anticorr_q0073_tau0.03,anticorr,9899919,4096,1,1.0000,1.0000,0.00000,314.646,314.646,314.646,62.969,231.109,1.794,18.773,604.24,512.0,2100.0
anticorr_q0073_tau0.03,anticorr,9899919,32768,1,1.0000,1.0000,0.00000,307.519,307.519,307.519,62.313,231.138,11.884,2.184,604.24,4096.0,2100.0
anticorr_q0077_tau0,anticorr,9900000,4096,1,0.0000,0.0000,0.00005,327.348,327.348,327.348,61.688,229.157,2.052,34.451,604.25,512.0,2100.0
anticorr_q0077_tau0,anticorr,9900000,32768,1,0.0000,0.0000,0.00002,334.404,334.404,334.404,62.789,231.017,11.979,28.619,604.25,4096.0,2100.0
anticorr_q0077_tau0.01,anticorr,9899838,4096,1,0.3000,0.0000,0.00548,323.211,323.211,323.211,62.094,227.477,1.917,31.722,604.24,512.0,2100.0
anticorr_q0077_tau0.01,anticorr,9899838,32768,1,0.7000,0.0000,0.00108,331.036,331.036,331.036,63.459,234.126,12.434,21.017,604.24,4096.0,2100.0
anticorr_q0077_tau0.03,anticorr,9900809,4096,1,1.0000,1.0000,0.00000,327.195,327.195,327.195,63.045,228.609,1.955,33.586,604.30,512.0,2100.0
anticorr_q0077_tau0.03,anticorr,9900809,32768,1,1.0000,1.0000,0.00000,318.716,318.716,318.716,63.290,232.120,11.621,11.685,604.30,4096.0,2100.0
anticorr_q0080_tau0,anticorr,9900000,4096,1,0.0000,0.0000,0.00005,325.661,325.661,325.661,62.307,228.869,2.003,32.483,604.25,512.0,2100.0
anticorr_q0080_tau0,anticorr,9900000,32768,1,0.0000,0.0000,0.00003,328.881,328.881,328.881,62.918,231.312,11.958,22.693,604.25,4096.0,2100.0
anticorr_q0080_tau0.01,anticorr,9900207,4096,1,0.9000,0.0000,0.00005,333.516,333.516,333.516,63.911,232.286,1.806,35.513,604.26,512.0,2100.0
anticorr_q0080_tau0.01,anticorr,9900207,32768,1,0.9000,0.0000,0.00005,321.214,321.214,321.214,62.122,231.857,11.831,15.404,604.26,4096.0,2100.0
anticorr_q0080_tau0.03,anticorr,9899376,4096,1,1.0000,1.0000,0.00000,317.496,317.496,317.496,63.491,227.725,1.646,24.634,604.21,512.0,2100.0
anticorr_q0080_tau0.03,anticorr,9899376,32768,1,1.0000,1.0000,0.00000,309.269,309.269,309.269,62.839,230.339,11.194,4.897,604.21,4096.0,2100.0
anticorr_q0085_tau0,anticorr,9900000,4096,1,0.0000,0.0000,0.00003,330.168,330.168,330.168,62.628,227.863,2.044,37.633,604.25,512.0,2100.0
anticorr_q0085_tau0,anticorr,9900000,32768,1,0.0000,0.0000,0.00003,349.956,349.956,349.956,63.731,230.793,12.711,42.721,604.25,4096.0,2100.0
anticorr_q0085_tau0.01,anticorr,9899881,4096,1,0.7000,0.0000,0.00054,335.483,335.483,335.483,63.225,233.687,2.200,36.370,604.24,512.0,2100.0
anticorr_q0085_tau0.01,anticorr,9899881,32768,1,0.8000,0.0000,0.00005,329.219,329.219,329.219,62.702,232.778,12.115,21.624,604.24,4096.0,2100.0
anticorr_q0085_tau0.03,anticorr,9899588,4096,1,1.0000,1.0000,0.00000,329.522,329.522,329.522,62.816,228.141,1.965,36.599,604.22,512.0,2100.0
anticorr_q0085_tau0.03,anticorr,9899588,32768,1,1.0000,1.0000,0.00000,312.262,312.262,312.262,62.758,230.707,12.007,6.790,604.22,4096.0,2100.0
anticorr_q0095_tau0,anticorr,9900001,4096,1,0.0000,0.0000,0.00008,340.102,340.102,340.102,63.092,230.666,1.991,44.354,604.25,512.0,2100.0
anticorr_q0095_tau0,anticorr,9900001,32768,1,0.0000,0.0000,0.00005,335.283,335.283,335.283,62.966,232.880,12.325,27.111,604.25,4096.0,2100.0
anticorr_q0095_tau0.01,anticorr,9899707,4096,1,0.6000,0.0000,0.00232,323.763,323.763,323.763,62.288,229.071,1.922,30.481,604.23,512.0,2100.0
anticorr_q0095_tau0.01,anticorr,9899707,32768,1,0.7000,0.0000,0.00056,392.339,392.339,392.339,62.796,295.083,13.487,20.974,604.23,4096.0,2100.0
anticorr_q0095_tau0.03,anticorr,9899770,4096,1,1.0000,1.0000,0.00000,337.481,337.481,337.481,62.713,228.144,1.975,44.650,604.23,512.0,2100.0
anticorr_q0095_tau0.03,anticorr,9899770,32768,1,1.0000,1.0000,0.00000,343.624,343.624,343.624,61.869,233.252,12.684,35.819,604.23,4096.0,2100.0
anticorr_q0117_tau0,anticorr,9900000,4096,1,0.1000,0.0000,0.00005,334.586,334.586,334.586,61.962,230.733,2.066,39.826,604.25,512.0,2100.0
anticorr_q0117_tau0,anticorr,9900000,32768,1,0.0000,0.0000,0.00004,333.505,333.505,333.505,62.184,232.818,12.726,25.777,604.25,4096.0,2100.0
anticorr_q0117_tau0.01,anticorr,9900126,4096,1,0.6000,0.0000,0.00308,323.758,323.758,323.758,62.186,229.149,1.961,30.463,604.26,512.0,2100.0
anticorr_q0117_tau0.01,anticorr,9900126,32768,1,1.0000,1.0000,0.00000,324.491,324.491,324.491,62.496,233.070,12.106,16.820,604.26,4096.0,2100.0
anticorr_q0117_tau0.03,anticorr,9900642,4096,1,1.0000,1.0000,0.00000,329.457,329.457,329.457,62.454,233.130,1.655,32.218,604.29,512.0,2100.0
anticorr_q0117_tau0.03,anticorr,9900642,32768,1,1.0000,1.0000,0.00000,317.503,317.503,317.503,63.461,232.194,12.140,9.708,604.29,4096.0,2100.0
anticorr_q0126_tau0,anticorr,9900000,4096,1,0.0000,0.0000,0.00008,330.696,330.696,330.696,62.787,228.950,1.915,37.044,604.25,512.0,2100.0
anticorr_q0126_tau0,anticorr,9900000,32768,1,0.0000,0.0000,0.00007,330.298,330.298,330.298,62.544,231.277,12.075,24.401,604.25,4096.0,2100.0
anticorr_q0126_tau0.01,anticorr,9900093,4096,1,0.9000,0.0000,0.00010,323.957,323.957,323.957,62.720,228.391,2.041,30.805,604.25,512.0,2100.0
anticorr_q0126_tau0.01,anticorr,9900093,32768,1,0.9000,0.0000,0.00010,322.905,322.905,322.905,62.453,232.757,12.214,15.481,604.25,4096.0,2100.0
anticorr_q0126_tau0.03,anticorr,9900093,4096,1,1.0000,1.0000,0.00000,314.403,314.403,314.403,62.275,228.317,1.715,22.097,604.25,512.0,2100.0
anticorr_q0126_tau0.03,anticorr,9900093,32768,1,1.0000,1.0000,0.00000,310.424,310.424,310.424,62.869,231.124,11.453,4.979,604.25,4096.0,2100.0
anticorr_q0139_tau0,anticorr,9900000,4096,1,0.0000,0.0000,0.00005,335.963,335.963,335.963,62.688,228.293,1.899,43.084,604.25,512.0,2100.0
anticorr_q0139_tau0,anticorr,9900000,32768,1,0.0000,0.0000,0.00003,335.776,335.776,335.776,63.218,230.725,12.067,29.765,604.25,4096.0,2100.0
anticorr_q0139_tau0.01,anticorr,9900294,4096,1,0.9000,0.0000,0.00009,355.384,355.384,355.384,62.463,228.396,1.830,62.694,604.27,512.0,2100.0
anticorr_q0139_tau0.01,anticorr,9900294,32768,1,1.0000,1.0000,0.00000,324.986,324.986,324.986,62.821,232.492,12.283,17.390,604.27,4096.0,2100.0
anticorr_q0139_tau0.03,anticorr,9900438,4096,1,1.0000,1.0000,0.00000,330.070,330.070,330.070,63.306,228.653,1.699,36.412,604.27,512.0,2100.0
anticorr_q0139_tau0.03,anticorr,9900438,32768,1,1.0000,1.0000,0.00000,309.483,309.483,309.483,62.418,229.889,12.968,4.208,604.27,4096.0,2100.0
anticorr_q0147_tau0,anticorr,9900000,4096,1,0.0000,0.0000,0.00004,325.952,325.952,325.952,62.415,229.292,1.926,32.319,604.25,512.0,2100.0
anticorr_q0147_tau0,anticorr,9900000,32768,1,0.0000,0.0000,0.00003,328.765,328.765,328.765,62.268,231.797,12.988,21.712,604.25,4096.0,2100.0
anticorr_q0147_tau0.01,anticorr,9899755,4096,1,0.9000,0.0000,0.00091,320.053,320.053,320.053,63.954,228.327,1.948,25.824,604.23,512.0,2100.0
anticorr_q0147_tau0.01,anticorr,9899755,32768,1,1.0000,1.0000,0.00000,321.726,321.726,321.726,62.319,233.660,12.290,13.458,604.23,4096.0,2100.0
anticorr_q0147_tau0.03,anticorr,9900099,4096,1,1.0000,1.0000,0.00000,316.536,316.536,316.536,62.541,229.126,1.813,23.056,604.25,512.0,2100.0
anticorr_q0147_tau0.03,anticorr,9900099,32768,1,1.0000,1.0000,0.00000,311.508,311.508,311.508,62.382,232.193,11.691,5.242,604.25,4096.0,2100.0
anticorr_q0155_tau0,anticorr,9900000,4096,1,0.0000,0.0000,0.00007,327.936,327.936,327.936,62.955,229.690,1.888,33.403,604.25,512.0,2100.0
anticorr_q0155_tau0,anticorr,9900000,32768,1,0.0000,0.0000,0.00004,333.970,333.970,333.970,63.466,235.819,12.461,22.224,604.25,4096.0,2100.0
anticorr_q0155_tau0.01,anticorr,9900135,4096,1,0.4000,0.0000,0.00321,330.731,330.731,330.731,61.705,229.196,1.941,37.890,604.26,512.0,2100.0
anticorr_q0155_tau0.01,anticorr,9900135,32768,1,0.9000,0.0000,0.00025,326.138,326.138,326.138,62.292,231.460,12.015,20.372,604.26,4096.0,2100.0
anticorr_q0155_tau0.03,anticorr,9900011,4096,1,0.6000,0.0000,0.00350,326.174,326.174,326.174,62.186,228.301,1.990,33.698,604.25,512.0,2100.0
anticorr_q0155_tau0.03,anticorr,9900011,32768,1,1.0000,1.0000,0.00000,323.633,323.633,323.633,62.915,234.105,12.153,14.459,604.25,4096.0,2100.0
anticorr_q0157_tau0,anticorr,9900000,4096,1,0.0000,0.0000,0.00003,329.687,329.687,329.687,63.743,229.810,1.882,34.253,604.25,512.0,2100.0
anticorr_q0157_tau0,anticorr,9900000,32768,1,0.0000,0.0000,0.00007,326.970,326.970,326.970,62.291,230.582,11.977,22.120,604.25,4096.0,2100.0
anticorr_q0157_tau0.01,anticorr,9900280,4096,1,0.9000,0.0000,0.00005,327.451,327.451,327.451,62.679,232.834,1.849,30.089,604.27,512.0,2100.0
anticorr_q0157_tau0.01,anticorr,9900280,32768,1,0.9000,0.0000,0.00005,324.643,324.643,324.643,62.257,231.079,12.431,18.875,604.27,4096.0,2100.0
anticorr_q0157_tau0.03,anticorr,9899453,4096,1,1.0000,1.0000,0.00000,328.248,328.248,328.248,63.653,228.566,1.897,34.133,604.21,512.0,2100.0
anticorr_q0157_tau0.03,anticorr,9899453,32768,1,1.0000,1.0000,0.00000,315.259,315.259,315.259,61.795,235.868,11.721,5.875,604.21,4096.0,2100.0
anticorr_q0168_tau0,anticorr,9900000,4096,1,0.0000,0.0000,0.00008,330.822,330.822,330.822,62.729,230.046,1.989,36.058,604.25,512.0,2100.0
anticorr_q0168_tau0,anticorr,9900000,32768,1,0.0000,0.0000,0.00007,331.269,331.269,331.269,62.706,231.336,12.061,25.166,604.25,4096.0,2100.0
anticorr_q0168_tau0.01,anticorr,9900108,4096,1,0.9000,0.0000,0.00057,332.856,332.856,332.856,62.785,227.834,2.002,40.234,604.25,512.0,2100.0
anticorr_q0168_tau0.01,anticorr,9900108,32768,1,1.0000,1.0000,0.00000,320.481,320.481,320.481,61.853,231.858,11.853,14.917,604.25,4096.0,2100.0
anticorr_q0168_tau0.03,anticorr,9899404,4096,1,1.0000,1.0000,0.00000,323.058,323.058,323.058,63.010,231.982,1.633,26.433,604.21,512.0,2100.0
anticorr_q0168_tau0.03,anticorr,9899404,32768,1,1.0000,1.0000,0.00000,313.441,313.441,313.441,63.077,232.700,12.542,5.122,604.21,4096.0,2100.0
anticorr_q0183_tau0,anticorr,9900000,4096,1,0.0000,0.0000,0.00006,329.795,329.795,329.795,62.690,228.083,2.069,36.953,604.25,512.0,2100.0
anticorr_q0183_tau0,anticorr,9900000,32768,1,0.0000,0.0000,0.00004,332.169,332.169,332.169,62.704,231.236,12.622,25.608,604.25,4096.0,2100.0
anticorr_q0183_tau0.01,anticorr,9899334,4096,1,0.5000,0.0000,0.00306,323.715,323.715,323.715,62.628,228.013,1.997,31.078,604.21,512.0,2100.0
anticorr_q0183_tau0.01,anticorr,9899334,32768,1,0.9000,0.0000,0.00028,326.426,326.426,326.426,63.765,233.132,12.372,17.156,604.21,4096.0,2100.0
anticorr_q0183_tau0.03,anticorr,9900136,4096,1,1.0000,1.0000,0.00000,331.333,331.333,331.333,62.622,229.502,1.870,37.339,604.26,512.0,2100.0
anticorr_q0183_tau0.03,anticorr,9900136,32768,1,1.0000,1.0000,0.00000,314.641,314.641,314.641,62.555,230.412,13.007,8.666,604.26,4096.0,2100.0
anticorr_q0184_tau0,anticorr,9900002,4096,1,0.0000,0.0000,0.00005,334.996,334.996,334.996,62.246,228.301,2.000,42.449,604.25,512.0,2100.0
anticorr_q0184_tau0,anticorr,9900002,32768,1,0.1000,0.0000,0.00002,328.692,328.692,328.692,62.329,231.578,11.929,22.856,604.25,4096.0,2100.0
anticorr_q0184_tau0.01,anticorr,9899929,4096,1,0.8000,0.0000,0.00076,337.514,337.514,337.514,62.915,231.105,1.951,41.543,604.24,512.0,2100.0
anticorr_q0184_tau0.01,anticorr,9899929,32768,1,1.0000,1.0000,0.00000,329.809,329.809,329.809,63.832,232.920,11.946,21.111,604.24,4096.0,2100.0
anticorr_q0184_tau0.03,anticorr,9900225,4096,1,1.0000,1.0000,0.00000,322.060,322.060,322.060,63.322,228.696,1.906,28.135,604.26,512.0,2100.0
anticorr_q0184_tau0.03,anticorr,9900225,32768,1,1.0000,1.0000,0.00000,317.024,317.024,317.024,62.662,230.573,12.787,11.003,604.26,4096.0,2100.0
anticorr_q0185_tau0,anticorr,9900000,4096,1,0.0000,0.0000,0.00004,323.776,323.776,323.776,62.481,227.312,2.011,31.973,604.25,512.0,2100.0
anticorr_q0185_tau0,anticorr,9900000,32768,1,0.0000,0.0000,0.00002,327.785,327.785,327.785,63.432,231.276,12.372,20.705,604.25,4096.0,2100.0
anticorr_q0185_tau0.01,anticorr,9900267,4096,1,0.7000,0.0000,0.00175,329.831,329.831,329.831,62.897,228.489,1.795,36.650,604.26,512.0,2100.0
anticorr_q0185_tau0.01,anticorr,9900267,32768,1,0.9000,0.0000,0.00014,325.224,325.224,325.224,62.624,232.846,12.177,17.578,604.26,4096.0,2100.0
anticorr_q0185_tau0.03,anticorr,9900343,4096,1,1.0000,1.0000,0.00000,321.657,321.657,321.657,62.694,228.718,1.681,28.564,604.27,512.0,2100.0
anticorr_q0185_tau0.03,anticorr,9900343,32768,1,1.0000,1.0000,0.00000,309.633,309.633,309.633,62.614,230.995,11.411,4.613,604.27,4096.0,2100.0
anticorr_q0211_tau0,anticorr,9900000,4096,1,0.0000,0.0000,0.00004,334.671,334.671,334.671,62.901,228.178,1.925,41.668,604.25,512.0,2100.0
anticorr_q0211_tau0,anticorr,9900000,32768,1,0.0000,0.0000,0.00003,341.501,341.501,341.501,64.189,233.137,12.051,32.124,604.25,4096.0,2100.0
anticorr_q0211_tau0.01,anticorr,9899733,4096,1,1.0000,1.0000,0.00000,338.049,338.049,338.049,62.556,229.759,2.009,43.725,604.23,512.0,2100.0
anticorr_q0211_tau0.01,anticorr,9899733,32768,1,1.0000,1.0000,0.00000,326.063,326.063,326.063,63.479,233.153,11.986,17.445,604.23,4096.0,2100.0
anticorr_q0211_tau0.03,anticorr,9899761,4096,1,1.0000,1.0000,0.00000,327.056,327.056,327.056,62.566,228.532,1.770,34.187,604.23,512.0,2100.0
anticorr_q0211_tau0.03,anticorr,9899761,32768,1,1.0000,1.0000,0.00000,309.991,309.991,309.991,61.941,231.885,11.995,4.169,604.23,4096.0,2100.0
anticorr_q0221_tau0,anticorr,9900000,4096,1,0.0000,0.0000,0.00004,333.017,333.017,333.017,63.930,231.796,1.998,35.292,604.25,512.0,2100.0
anticorr_q0221_tau0,anticorr,9900000,32768,1,0.0000,0.0000,0.00003,335.916,335.916,335.916,62.598,230.836,13.060,29.422,604.25,4096.0,2100.0
anticorr_q0221_tau0.01,anticorr,9900215,4096,1,0.7000,0.0000,0.00120,329.044,329.044,329.044,62.308,227.442,1.913,37.380,604.26,512.0,2100.0
anticorr_q0221_tau0.01,anticorr,9900215,32768,1,0.8000,0.0000,0.00036,325.055,325.055,325.055,63.567,230.788,12.988,17.713,604.26,4096.0,2100.0
anticorr_q0221_tau0.03,anticorr,9900077,4096,1,1.0000,1.0000,0.00000,315.900,315.900,315.900,62.264,227.522,1.873,24.240,604.25,512.0,2100.0
anticorr_q0221_tau0.03,anticorr,9900077,32768,1,1.0000,1.0000,0.00000,321.459,321.459,321.459,64.324,234.847,12.397,9.891,604.25,4096.0,2100.0
anticorr_q0238_tau0,anticorr,9900000,4096,1,0.0000,0.0000,0.00006,334.196,334.196,334.196,64.158,229.005,2.017,39.017,604.25,512.0,2100.0
anticorr_q0238_tau0,anticorr,9900000,32768,1,0.0000,0.0000,0.00004,329.605,329.605,329.605,62.703,231.350,11.939,23.613,604.25,4096.0,2100.0
anticorr_q0238_tau0.01,anticorr,9899861,4096,1,0.9000,0.0000,0.00030,329.675,329.675,329.675,62.633,228.018,1.869,37.155,604.24,512.0,2100.0
anticorr_q0238_tau0.01,anticorr,9899861,32768,1,1.0000,1.0000,0.00000,323.064,323.064,323.064,64.076,230.534,12.359,16.095,604.24,4096.0,2100.0
anticorr_q0238_tau0.03,anticorr,9900075,4096,1,1.0000,1.0000,0.00000,313.000,313.000,313.000,64.731,230.052,1.682,16.534,604.25,512.0,2100.0
anticorr_q0238_tau0.03,anticorr,9900075,32768,1,1.0000,1.0000,0.00000,310.357,310.357,310.357,62.133,232.999,11.753,3.472,604.25,4096.0,2100.0
anticorr_q0259_tau0,anticorr,9900001,4096,1,0.0000,0.0000,0.00006,331.035,331.035,331.035,61.775,228.600,1.958,38.701,604.25,512.0,2100.0
anticorr_q0259_tau0,anticorr,9900001,32768,1,0.0000,0.0000,0.00002,334.329,334.329,334.329,62.715,231.198,13.183,27.233,604.25,4096.0,2100.0
anticorr_q0259_tau0.01,anticorr,9899695,4096,1,0.3000,0.0000,0.00520,329.595,329.595,329.595,62.627,228.304,1.984,36.680,604.23,512.0,2100.0
anticorr_q0259_tau0.01,anticorr,9899695,32768,1,0.5000,0.0000,0.00212,336.395,336.395,336.395,61.696,236.190,11.711,26.799,604.23,4096.0,2100.0
anticorr_q0259_tau0.03,anticorr,9900271,4096,1,1.0000,1.0000,0.00000,321.263,321.263,321.263,61.780,228.273,1.950,29.259,604.26,512.0,2100.0
anticorr_q0259_tau0.03,anticorr,9900271,32768,1,1.0000,1.0000,0.00000,316.207,316.207,316.207,62.783,229.596,12.010,11.819,604.26,4096.0,2100.0
anticorr_q0287_tau0,anticorr,9900000,4096,1,0.0000,0.0000,0.00004,327.841,327.841,327.841,62.199,228.566,1.982,35.094,604.25,512.0,2100.0
anticorr_q0287_tau0,anticorr,9900000,32768,1,0.0000,0.0000,0.00007,330.889,330.889,330.889,62.556,230.974,11.992,25.366,604.25,4096.0,2100.0
anticorr_q0287_tau0.01,anticorr,9899924,4096,1,0.5000,0.0000,0.00133,334.849,334.849,334.849,63.226,232.503,2.086,37.034,604.24,512.0,2100.0
anticorr_q0287_tau0.01,anticorr,9899924,32768,1,0.8000,0.0000,0.00040,329.491,329.491,329.491,61.993,233.348,13.001,21.149,604.24,4096.0,2100.0
anticorr_q0287_tau0.03,anticorr,9900818,4096,1,1.0000,1.0000,0.00000,321.937,321.937,321.937,62.538,228.150,2.010,29.239,604.30,512.0,2100.0
anticorr_q0287_tau0.03,anticorr,9900818,32768,1,1.0000,1.0000,0.00000,315.412,315.412,315.412,62.361,230.882,12.048,10.120,604.30,4096.0,2100.0
anticorr_q0308_tau0,anticorr,9900000,4096,1,0.0000,0.0000,0.00004,331.907,331.907,331.907,63.222,227.511,1.938,39.237,604.25,512.0,2100.0
anticorr_q0308_tau0,anticorr,9900000,32768,1,0.0000,0.0000,0.00006,335.005,335.005,335.005,62.530,234.486,12.630,25.359,604.25,4096.0,2100.0
anticorr_q0308_tau0.01,anticorr,9900426,4096,1,0.8000,0.0000,0.00067,328.799,328.799,328.799,61.862,228.025,1.970,36.943,604.27,512.0,2100.0
anticorr_q0308_tau0.01,anticorr,9900426,32768,1,0.9000,0.0000,0.00010,324.468,324.468,324.468,62.781,230.100,12.452,19.136,604.27,4096.0,2100.0
anticorr_q0308_tau0.03,anticorr,9899801,4096,1,1.0000,1.0000,0.00000,313.252,313.252,313.252,61.741,228.676,1.702,21.134,604.24,512.0,2100.0
anticorr_q0308_tau0.03,anticorr,9899801,32768,1,1.0000,1.0000,0.00000,311.625,311.625,311.625,62.697,230.706,11.826,6.396,604.24,4096.0,2100.0
anticorr_q0314_tau0,anticorr,9900000,4096,1,0.0000,0.0000,0.00004,335.862,335.862,335.862,62.995,231.451,1.931,39.485,604.25,512.0,2100.0
anticorr_q0314_tau0,anticorr,9900000,32768,1,0.0000,0.0000,0.00002,334.396,334.396,334.396,63.208,231.964,12.277,26.948,604.25,4096.0,2100.0
anticorr_q0314_tau0.01,anticorr,9900146,4096,1,0.8000,0.0000,0.00134,329.668,329.668,329.668,64.066,228.590,1.891,35.121,604.26,512.0,2100.0
anticorr_q0314_tau0.01,anticorr,9900146,32768,1,1.0000,1.0000,0.00000,327.162,327.162,327.162,63.227,231.456,11.954,20.525,604.26,4096.0,2100.0
anticorr_q0314_tau0.03,anticorr,9899754,4096,1,1.0000,1.0000,0.00000,321.049,321.049,321.049,62.538,227.510,1.834,29.166,604.23,512.0,2100.0
anticorr_q0314_tau0.03,anticorr,9899754,32768,1,1.0000,1.0000,0.00000,314.933,314.933,314.933,62.784,231.532,11.849,8.768,604.23,4096.0,2100.0
anticorr_q0322_tau0,anticorr,9900000,4096,1,0.0000,0.0000,0.00005,339.359,339.359,339.359,63.208,228.107,1.933,46.111,604.25,512.0,2100.0
anticorr_q0322_tau0,anticorr,9900000,32768,1,0.0000,0.0000,0.00004,331.190,331.190,331.190,63.316,230.813,12.341,24.719,604.25,4096.0,2100.0
anticorr_q0322_tau0.01,anticorr,9900109,4096,1,0.8000,0.0000,0.00191,332.001,332.001,332.001,62.147,229.524,1.946,38.384,604.25,512.0,2100.0
anticorr_q0322_tau0.01,anticorr,9900109,32768,1,0.8000,0.0000,0.00191,320.954,320.954,320.954,62.621,230.056,11.780,16.497,604.25,4096.0,2100.0
anticorr_q0322_tau0.03,anticorr,9899480,4096,1,1.0000,1.0000,0.00000,323.859,323.859,323.859,62.635,229.668,1.719,29.837,604.22,512.0,2100.0
anticorr_q0322_tau0.03,anticorr,9899480,32768,1,1.0000,1.0000,0.00000,311.078,311.078,311.078,63.986,230.468,12.211,4.414,604.22,4096.0,2100.0
anticorr_q0334_tau0,anticorr,9900002,4096,1,0.0000,0.0000,0.00005,339.362,339.362,339.362,63.230,229.477,1.835,44.819,604.25,512.0,2100.0
anticorr_q0334_tau0,anticorr,9900002,32768,1,0.0000,0.0000,0.00005,336.003,336.003,336.003,63.515,230.651,12.077,29.759,604.25,4096.0,2100.0
anticorr_q0334_tau0.01,anticorr,9899707,4096,1,0.9000,0.0000,0.00014,327.936,327.936,327.936,63.025,228.516,1.981,34.414,604.23,512.0,2100.0
anticorr_q0334_tau0.01,anticorr,9899707,32768,1,1.0000,1.0000,0.00000,320.523,320.523,320.523,62.994,231.374,12.270,13.885,604.23,4096.0,2100.0
anticorr_q0334_tau0.03,anticorr,9900192,4096,1,1.0000,1.0000,0.00000,325.334,325.334,325.334,63.428,230.026,1.840,30.039,604.26,512.0,2100.0
anticorr_q0334_tau0.03,anticorr,9900192,32768,1,1.0000,1.0000,0.00000,312.511,312.511,312.511,63.121,229.744,11.802,7.844,604.26,4096.0,2100.0
anticorr_q0341_tau0,anticorr,9900000,4096,1,0.1000,0.0000,0.00003,307.739,307.739,307.739,62.323,229.117,1.856,14.442,604.25,512.0,2100.0
anticorr_q0341_tau0,anticorr,9900000,32768,1,0.0000,0.0000,0.00003,320.830,320.830,320.830,63.831,232.441,11.771,12.787,604.25,4096.0,2100.0
anticorr_q0341_tau0.01,anticorr,9899869,4096,1,0.9000,0.0000,0.00014,309.044,309.044,309.044,63.559,229.181,1.686,14.617,604.24,512.0,2100.0
anticorr_q0341_tau0.01,anticorr,9899869,32768,1,1.0000,1.0000,0.00000,325.405,325.405,325.405,62.191,233.970,12.640,16.605,604.24,4096.0,2100.0
anticorr_q0341_tau0.03,anticorr,9899690,4096,1,1.0000,1.0000,0.00000,316.761,316.761,316.761,63.283,227.441,1.551,24.486,604.23,512.0,2100.0
anticorr_q0341_tau0.03,anticorr,9899690,32768,1,1.0000,1.0000,0.00000,312.365,312.365,312.365,63.880,230.265,11.471,6.749,604.23,4096.0,2100.0
anticorr_q0346_tau0,anticorr,9900000,4096,1,0.0000,0.0000,0.00004,327.931,327.931,327.931,63.105,228.578,1.973,34.275,604.25,512.0,2100.0
anticorr_q0346_tau0,anticorr,9900000,32768,1,0.0000,0.0000,0.00005,329.286,329.286,329.286,63.739,231.069,12.188,22.291,604.25,4096.0,2100.0
anticorr_q0346_tau0.01,anticorr,9899780,4096,1,1.0000,1.0000,0.00000,336.110,336.110,336.110,62.022,233.388,1.935,38.765,604.23,512.0,2100.0
anticorr_q0346_tau0.01,anticorr,9899780,32768,1,1.0000,1.0000,0.00000,325.109,325.109,325.109,62.881,230.965,12.986,18.277,604.23,4096.0,2100.0
anticorr_q0346_tau0.03,anticorr,9900235,4096,1,1.0000,1.0000,0.00000,319.272,319.272,319.272,62.801,227.146,1.730,27.596,604.26,512.0,2100.0
anticorr_q0346_tau0.03,anticorr,9900235,32768,1,1.0000,1.0000,0.00000,312.887,312.887,312.887,63.561,230.935,11.927,6.464,604.26,4096.0,2100.0
anticorr_q0353_tau0,anticorr,9900001,4096,1,0.0000,0.0000,0.00005,324.770,324.770,324.770,62.180,228.396,1.951,32.242,604.25,512.0,2100.0
anticorr_q0353_tau0,anticorr,9900001,32768,1,0.1000,0.0000,0.00003,335.937,335.937,335.937,62.760,234.386,11.969,26.823,604.25,4096.0,2100.0
anticorr_q0353_tau0.01,anticorr,9900048,4096,1,0.7000,0.0000,0.00180,331.151,331.151,331.151,62.114,227.953,2.021,39.064,604.25,512.0,2100.0
anticorr_q0353_tau0.01,anticorr,9900048,32768,1,1.0000,1.0000,0.00000,325.522,325.522,325.522,62.532,230.962,12.852,19.176,604.25,4096.0,2100.0
anticorr_q0353_tau0.03,anticorr,9900443,4096,1,1.0000,1.0000,0.00000,322.314,322.314,322.314,63.133,228.069,1.999,29.112,604.28,512.0,2100.0
anticorr_q0353_tau0.03,anticorr,9900443,32768,1,1.0000,1.0000,0.00000,317.424,317.424,317.424,61.964,232.318,12.263,10.879,604.28,4096.0,2100.0
anticorr_q0358_tau0,anticorr,9900001,4096,1,0.1000,0.0000,0.00005,339.376,339.376,339.376,62.174,233.757,1.860,41.585,604.25,512.0,2100.0
anticorr_q0358_tau0,anticorr,9900001,32768,1,0.1000,0.0000,0.00003,335.018,335.018,335.018,63.000,230.224,12.688,29.107,604.25,4096.0,2100.0
anticorr_q0358_tau0.01,anticorr,9900242,4096,1,0.9000,0.0000,0.00006,331.341,331.341,331.341,62.219,227.819,1.927,39.377,604.26,512.0,2100.0
anticorr_q0358_tau0.01,anticorr,9900242,32768,1,1.0000,1.0000,0.00000,322.050,322.050,322.050,63.966,231.518,11.951,14.615,604.26,4096.0,2100.0
anticorr_q0358_tau0.03,anticorr,9900623,4096,1,1.0000,1.0000,0.00000,324.184,324.184,324.184,62.798,227.845,1.742,31.799,604.29,512.0,2100.0
anticorr_q0358_tau0.03,anticorr,9900623,32768,1,1.0000,1.0000,0.00000,319.118,319.118,319.118,64.089,233.075,13.083,8.871,604.29,4096.0,2100.0
anticorr_q0373_tau0,anticorr,9900000,4096,1,0.0000,0.0000,0.00004,334.498,334.498,334.498,62.801,229.369,1.908,40.420,604.25,512.0,2100.0
anticorr_q0373_tau0,anticorr,9900000,32768,1,0.0000,0.0000,0.00002,330.337,330.337,330.337,62.569,230.440,11.756,25.572,604.25,4096.0,2100.0
anticorr_q0373_tau0.01,anticorr,9900210,4096,1,0.9000,0.0000,0.00006,326.399,326.399,326.399,62.149,227.688,1.983,34.579,604.26,512.0,2100.0
anticorr_q0373_tau0.01,anticorr,9900210,32768,1,1.0000,1.0000,0.00000,319.961,319.961,319.961,63.338,230.317,11.856,14.450,604.26,4096.0,2100.0
anticorr_q0373_tau0.03,anticorr,9899584,4096,1,1.0000,1.0000,0.00000,320.588,320.588,320.588,65.032,232.878,1.844,20.832,604.22,512.0,2100.0
anticorr_q0373_tau0.03,anticorr,9899584,32768,1,1.0000,1.0000,0.00000,310.444,310.444,310.444,62.629,231.458,11.407,4.950,604.22,4096.0,2100.0
anticorr_q0385_tau0,anticorr,9900000,4096,1,0.1000,0.0000,0.00003,331.485,331.485,331.485,61.870,230.859,2.022,36.733,604.25,512.0,2100.0
anticorr_q0385_tau0,anticorr,9900000,32768,1,0.0000,0.0000,0.00003,332.979,332.979,332.979,62.338,231.978,12.784,25.880,604.25,4096.0,2100.0
anticorr_q0385_tau0.01,anticorr,9899701,4096,1,1.0000,1.0000,0.00000,329.899,329.899,329.899,62.473,228.620,1.944,36.862,604.23,512.0,2100.0
anticorr_q0385_tau0.01,anticorr,9899701,32768,1,1.0000,1.0000,0.00000,320.043,320.043,320.043,61.923,235.954,12.180,9.986,604.23,4096.0,2100.0
anticorr_q0385_tau0.03,anticorr,9899845,4096,1,1.0000,1.0000,0.00000,318.964,318.964,318.964,63.755,228.420,1.598,25.191,604.24,512.0,2100.0
anticorr_q0385_tau0.03,anticorr,9899845,32768,1,1.0000,1.0000,0.00000,311.170,311.170,311.170,62.399,231.787,12.357,4.628,604.24,4096.0,2100.0
anticorr_q0391_tau0,anticorr,9900000,4096,1,0.1000,0.0000,0.00004,332.554,332.554,332.554,62.384,227.691,2.107,40.373,604.25,512.0,2100.0
anticorr_q0391_tau0,anticorr,9900000,32768,1,0.1000,0.0000,0.00003,330.594,330.594,330.594,62.354,231.291,11.987,24.962,604.25,4096.0,2100.0
anticorr_q0391_tau0.01,anticorr,9899967,4096,1,0.8000,0.0000,0.00058,324.946,324.946,324.946,63.285,228.114,1.938,31.608,604.25,512.0,2100.0
anticorr_q0391_tau0.01,anticorr,9899967,32768,1,1.0000,1.0000,0.00000,328.979,328.979,328.979,64.323,233.577,12.265,18.814,604.25,4096.0,2100.0
anticorr_q0391_tau0.03,anticorr,9900091,4096,1,0.9000,0.0000,0.00046,325.730,325.730,325.730,63.110,228.191,1.938,32.492,604.25,512.0,2100.0
anticorr_q0391_tau0.03,anticorr,9900091,32768,1,1.0000,1.0000,0.00000,319.144,319.144,319.144,62.556,231.662,11.940,12.986,604.25,4096.0,2100.0
anticorr_q0396_tau0,anticorr,9900000,4096,1,0.0000,0.0000,0.00006,326.934,326.934,326.934,62.506,228.556,1.954,33.918,604.25,512.0,2100.0
anticorr_q0396_tau0,anticorr,9900000,32768,1,0.0000,0.0000,0.00003,333.308,333.308,333.308,62.817,232.016,12.141,26.334,604.25,4096.0,2100.0
anticorr_q0396_tau0.01,anticorr,9899890,4096,1,0.6000,0.0000,0.00062,334.851,334.851,334.851,64.491,229.325,1.891,39.145,604.24,512.0,2100.0
anticorr_q0396_tau0.01,anticorr,9899890,32768,1,1.0000,1.0000,0.00000,322.012,322.012,322.012,62.304,233.721,12.295,13.692,604.24,4096.0,2100.0
anticorr_q0396_tau0.03,anticorr,9899840,4096,1,1.0000,1.0000,0.00000,324.853,324.853,324.853,63.914,227.458,1.814,31.668,604.24,512.0,2100.0
anticorr_q0396_tau0.03,anticorr,9899840,32768,1,1.0000,1.0000,0.00000,318.296,318.296,318.296,62.624,230.811,12.375,12.486,604.24,4096.0,2100.0
anticorr_q0412_tau0,anticorr,9900000,4096,1,0.0000,0.0000,0.00004,333.353,333.353,333.353,62.672,228.680,1.840,40.161,604.25,512.0,2100.0
anticorr_q0412_tau0,anticorr,9900000,32768,1,0.0000,0.0000,0.00007,338.880,338.880,338.880,63.102,234.550,11.928,29.300,604.25,4096.0,2100.0
anticorr_q0412_tau0.01,anticorr,9900222,4096,1,0.8000,0.0000,0.00080,330.789,330.789,330.789,62.465,228.908,1.907,37.509,604.26,512.0,2100.0
anticorr_q0412_tau0.01,anticorr,9900222,32768,1,1.0000,1.0000,0.00000,328.890,328.890,328.890,62.514,233.504,12.316,20.556,604.26,4096.0,2100.0
anticorr_q0412_tau0.03,anticorr,9899948,4096,1,1.0000,1.0000,0.00000,321.864,321.864,321.864,62.562,228.734,1.793,28.775,604.24,512.0,2100.0
anticorr_q0412_tau0.03,anticorr,9899948,32768,1,1.0000,1.0000,0.00000,310.892,310.892,310.892,62.358,231.541,11.523,5.470,604.24,4096.0,2100.0
anticorr_q0414_tau0,anticorr,9900000,4096,1,0.0000,0.0000,0.00004,331.402,331.402,331.402,62.499,230.364,1.964,36.575,604.25,512.0,2100.0
anticorr_q0414_tau0,anticorr,9900000,32768,1,0.0000,0.0000,0.00006,332.510,332.510,332.510,63.362,230.618,12.375,26.155,604.25,4096.0,2100.0
anticorr_q0414_tau0.01,anticorr,9900396,4096,1,0.6000,0.0000,0.00263,330.761,330.761,330.761,63.694,228.058,2.030,36.979,604.27,512.0,2100.0
anticorr_q0414_tau0.01,anticorr,9900396,32768,1,0.9000,0.0000,0.00056,324.927,324.927,324.927,62.875,231.322,11.943,18.787,604.27,4096.0,2100.0
anticorr_q0414_tau0.03,anticorr,9900031,4096,1,1.0000,1.0000,0.00000,318.526,318.526,318.526,62.737,227.968,1.902,25.919,604.25,512.0,2100.0
anticorr_q0414_tau0.03,anticorr,9900031,32768,1,1.0000,1.0000,0.00000,322.649,322.649,322.649,61.805,236.541,11.800,12.504,604.25,4096.0,2100.0
anticorr_q0419_tau0,anticorr,9900000,4096,1,0.0000,0.0000,0.00004,334.258,334.258,334.258,63.300,229.183,1.983,39.791,604.25,512.0,2100.0
anticorr_q0419_tau0,anticorr,9900000,32768,1,0.0000,0.0000,0.00004,334.934,334.934,334.934,62.250,232.377,12.805,27.502,604.25,4096.0,2100.0
anticorr_q0419_tau0.01,anticorr,9900019,4096,1,0.6000,0.0000,0.00156,332.330,332.330,332.330,62.727,227.855,1.933,39.815,604.25,512.0,2100.0
anticorr_q0419_tau0.01,anticorr,9900019,32768,1,0.7000,0.0000,0.00047,330.873,330.873,330.873,63.600,231.100,12.006,24.167,604.25,4096.0,2100.0
anticorr_q0419_tau0.03,anticorr,9899605,4096,1,0.8000,0.0000,0.00377,329.649,329.649,329.649,61.916,231.075,1.878,34.780,604.22,512.0,2100.0
anticorr_q0419_tau0.03,anticorr,9899605,32768,1,1.0000,1.0000,0.00000,320.770,320.770,320.770,62.560,231.880,12.469,13.862,604.22,4096.0,2100.0
anticorr_q0422_tau0,anticorr,9900000,4096,1,0.0000,0.0000,0.00004,333.806,333.806,333.806,62.263,228.291,1.982,41.270,604.25,512.0,2100.0
anticorr_q0422_tau0,anticorr,9900000,32768,1,0.0000,0.0000,0.00003,334.916,334.916,334.916,62.927,231.838,12.363,27.787,604.25,4096.0,2100.0
anticorr_q0422_tau0.01,anticorr,9899839,4096,1,0.8000,0.0000,0.00040,330.409,330.409,330.409,62.397,227.771,2.082,38.159,604.24,512.0,2100.0
anticorr_q0422_tau0.01,anticorr,9899839,32768,1,1.0000,1.0000,0.00000,324.802,324.802,324.802,63.217,233.083,12.573,15.928,604.24,4096.0,2100.0
anticorr_q0422_tau0.03,anticorr,9899461,4096,1,1.0000,1.0000,0.00000,327.822,327.822,327.822,63.102,228.354,1.665,34.702,604.22,512.0,2100.0
anticorr_q0422_tau0.03,anticorr,9899461,32768,1,1.0000,1.0000,0.00000,313.914,313.914,313.914,63.917,230.224,12.170,7.602,604.22,4096.0,2100.0
anticorr_q0429_tau0,anticorr,9900001,4096,1,0.0000,0.0000,0.00002,327.176,327.176,327.176,62.022,229.235,1.920,34.000,604.25,512.0,2100.0
anticorr_q0429_tau0,anticorr,9900001,32768,1,0.0000,0.0000,0.00002,325.498,325.498,325.498,62.682,232.320,11.354,19.141,604.25,4096.0,2100.0
anticorr_q0429_tau0.01,anticorr,9899982,4096,1,0.8000,0.0000,0.00153,327.796,327.796,327.796,62.588,231.277,1.646,32.285,604.25,512.0,2100.0
anticorr_q0429_tau0.01,anticorr,9899982,32768,1,1.0000,1.0000,0.00000,323.206,323.206,323.206,62.213,233.542,11.934,15.516,604.25,4096.0,2100.0
anticorr_q0429_tau0.03,anticorr,9899401,4096,1,1.0000,1.0000,0.00000,311.362,311.362,311.362,62.041,228.854,1.485,18.982,604.21,512.0,2100.0
anticorr_q0429_tau0.03,anticorr,9899401,32768,1,1.0000,1.0000,0.00000,309.194,309.194,309.194,62.383,231.882,12.223,2.705,604.21,4096.0,2100.0
anticorr_q0431_tau0,anticorr,9900000,4096,1,0.0000,0.0000,0.00004,329.900,329.900,329.900,61.725,228.944,2.093,37.139,604.25,512.0,2100.0
anticorr_q0431_tau0,anticorr,9900000,32768,1,0.0000,0.0000,0.00003,324.688,324.688,324.688,62.090,231.363,12.027,19.208,604.25,4096.0,2100.0
anticorr_q0431_tau0.01,anticorr,9900076,4096,1,0.8000,0.0000,0.00075,323.375,323.375,323.375,62.364,228.677,2.026,30.309,604.25,512.0,2100.0
anticorr_q0431_tau0.01,anticorr,9900076,32768,1,1.0000,1.0000,0.00000,317.352,317.352,317.352,61.764,231.202,12.120,12.267,604.25,4096.0,2100.0
anticorr_q0431_tau0.03,anticorr,9899635,4096,1,1.0000,1.0000,0.00000,317.588,317.588,317.588,61.809,229.152,1.746,24.882,604.23,512.0,2100.0
anticorr_q0431_tau0.03,anticorr,9899635,32768,1,1.0000,1.0000,0.00000,314.921,314.921,314.921,62.676,231.000,11.517,9.727,604.23,4096.0,2100.0
anticorr_q0445_tau0,anticorr,9900000,4096,1,0.0000,0.0000,0.00005,334.707,334.707,334.707,62.690,227.045,1.978,42.994,604.25,512.0,2100.0
anticorr_q0445_tau0,anticorr,9900000,32768,1,0.0000,0.0000,0.00003,333.124,333.124,333.124,63.565,233.927,12.038,23.595,604.25,4096.0,2100.0
anticorr_q0445_tau0.01,anticorr,9899705,4096,1,0.6000,0.0000,0.00239,330.053,330.053,330.053,63.458,228.308,1.952,36.335,604.23,512.0,2100.0
anticorr_q0445_tau0.01,anticorr,9899705,32768,1,0.9000,0.0000,0.00037,324.569,324.569,324.569,62.257,232.254,12.028,18.030,604.23,4096.0,2100.0
anticorr_q0445_tau0.03,anticorr,9900310,4096,1,1.0000,1.0000,0.00000,321.414,321.414,321.414,63.526,228.070,1.886,27.932,604.27,512.0,2100.0
anticorr_q0445_tau0.03,anticorr,9900310,32768,1,1.0000,1.0000,0.00000,316.735,316.735,316.735,62.236,231.726,12.809,9.964,604.27,4096.0,2100.0
anticorr_q0450_tau0,anticorr,9900000,4096,1,0.0000,0.0000,0.00007,335.971,335.971,335.971,64.105,228.736,1.923,41.207,604.25,512.0,2100.0
anticorr_q0450_tau0,anticorr,9900000,32768,1,0.0000,0.0000,0.00006,332.087,332.087,332.087,63.088,231.350,12.099,25.550,604.25,4096.0,2100.0
anticorr_q0450_tau0.01,anticorr,9900197,4096,1,0.7000,0.0000,0.00136,340.407,340.407,340.407,61.958,233.212,2.045,43.193,604.26,512.0,2100.0
anticorr_q0450_tau0.01,anticorr,9900197,32768,1,0.9000,0.0000,0.00031,337.165,337.165,337.165,62.792,232.281,13.454,28.639,604.26,4096.0,2100.0
anticorr_q0450_tau0.03,anticorr,9899478,4096,1,1.0000,1.0000,0.00000,332.249,332.249,332.249,62.837,227.770,1.971,39.671,604.22,512.0,2100.0
anticorr_q0450_tau0.03,anticorr,9899478,32768,1,1.0000,1.0000,0.00000,317.220,317.220,317.220,62.612,236.133,11.814,6.661,604.22,4096.0,2100.0
anticorr_q0455_tau0,anticorr,9900000,4096,1,0.0000,0.0000,0.00005,331.800,331.800,331.800,61.866,231.609,1.930,36.394,604.25,512.0,2100.0
anticorr_q0455_tau0,anticorr,9900000,32768,1,0.0000,0.0000,0.00004,329.831,329.831,329.831,62.759,231.423,13.136,22.513,604.25,4096.0,2100.0
anticorr_q0455_tau0.01,anticorr,9900370,4096,1,0.8000,0.0000,0.00054,332.671,332.671,332.671,62.699,230.127,1.936,37.910,604.27,512.0,2100.0
anticorr_q0455_tau0.01,anticorr,9900370,32768,1,0.9000,0.0000,0.00049,325.956,325.956,325.956,63.832,235.037,12.173,14.914,604.27,4096.0,2100.0
anticorr_q0455_tau0.03,anticorr,9899873,4096,1,1.0000,1.0000,0.00000,320.769,320.769,320.769,63.531,230.652,1.638,24.948,604.24,512.0,2100.0
anticorr_q0455_tau0.03,anticorr,9899873,32768,1,1.0000,1.0000,0.00000,310.621,310.621,310.621,62.792,231.903,11.625,4.300,604.24,4096.0,2100.0
anticorr_q0460_tau0,anticorr,9900000,4096,1,0.0000,0.0000,0.00007,328.592,328.592,328.592,61.940,228.257,1.975,36.419,604.25,512.0,2100.0
anticorr_q0460_tau0,anticorr,9900000,32768,1,0.0000,0.0000,0.00003,328.841,328.841,328.841,62.862,232.465,12.479,21.035,604.25,4096.0,2100.0
anticorr_q0460_tau0.01,anticorr,9900256,4096,1,0.8000,0.0000,0.00030,322.490,322.490,322.490,62.746,227.500,2.050,30.194,604.26,512.0,2100.0
anticorr_q0460_tau0.01,anticorr,9900256,32768,1,1.0000,1.0000,0.00000,326.411,326.411,326.411,62.446,236.067,11.800,16.098,604.26,4096.0,2100.0
anticorr_q0460_tau0.03,anticorr,9900503,4096,1,1.0000,1.0000,0.00000,324.730,324.730,324.730,62.122,228.439,1.831,32.339,604.28,512.0,2100.0
anticorr_q0460_tau0.03,anticorr,9900503,32768,1,1.0000,1.0000,0.00000,313.966,313.966,313.966,62.665,232.124,11.744,7.432,604.28,4096.0,2100.0
anticorr_q0464_tau0,anticorr,9900000,4096,1,0.0000,0.0000,0.00007,328.943,328.943,328.943,62.748,229.037,2.009,35.148,604.25,512.0,2100.0
anticorr_q0464_tau0,anticorr,9900000,32768,1,0.0000,0.0000,0.00004,327.281,327.281,327.281,62.489,231.927,12.540,20.324,604.25,4096.0,2100.0
anticorr_q0464_tau0.01,anticorr,9900480,4096,1,0.9000,0.0000,0.00001,335.313,335.313,335.313,61.788,232.169,1.915,39.441,604.28,512.0,2100.0
anticorr_q0464_tau0.01,anticorr,9900480,32768,1,1.0000,1.0000,0.00000,327.074,327.074,327.074,62.342,232.575,12.388,19.769,604.28,4096.0,2100.0
anticorr_q0464_tau0.03,anticorr,9899875,4096,1,1.0000,1.0000,0.00000,319.803,319.803,319.803,61.701,229.000,1.730,27.372,604.24,512.0,2100.0
anticorr_q0464_tau0.03,anticorr,9899875,32768,1,1.0000,1.0000,0.00000,312.589,312.589,312.589,63.270,232.340,11.831,5.148,604.24,4096.0,2100.0
anticorr_q0470_tau0,anticorr,9900000,4096,1,0.0000,0.0000,0.00003,335.795,335.795,335.795,62.383,227.957,2.064,43.391,604.25,512.0,2100.0
anticorr_q0470_tau0,anticorr,9900000,32768,1,0.0000,0.0000,0.00002,338.168,338.168,338.168,61.762,232.410,12.241,31.755,604.25,4096.0,2100.0
anticorr_q0470_tau0.01,anticorr,9899943,4096,1,0.7000,0.0000,0.00139,336.308,336.308,336.308,63.359,230.099,1.987,40.863,604.24,512.0,2100.0
anticorr_q0470_tau0.01,anticorr,9899943,32768,1,0.9000,0.0000,0.00016,330.209,330.209,330.209,62.028,231.255,12.924,24.002,604.24,4096.0,2100.0
anticorr_q0470_tau0.03,anticorr,9899584,4096,1,1.0000,1.0000,0.00000,322.382,322.382,322.382,62.419,228.942,1.880,29.142,604.22,512.0,2100.0
anticorr_q0470_tau0.03,anticorr,9899584,32768,1,1.0000,1.0000,0.00000,313.339,313.339,313.339,63.277,230.070,12.875,7.117,604.22,4096.0,2100.0
anticorr_q0475_tau0,anticorr,9900000,4096,1,0.0000,0.0000,0.00008,332.865,332.865,332.865,62.744,227.792,1.939,40.390,604.25,512.0,2100.0
anticorr_q0475_tau0,anticorr,9900000,32768,1,0.0000,0.0000,0.00004,335.095,335.095,335.095,66.315,232.342,13.789,22.649,604.25,4096.0,2100.0
anticorr_q0475_tau0.01,anticorr,9899930,4096,1,1.0000,1.0000,0.00000,326.271,326.271,326.271,62.414,228.619,1.920,33.319,604.24,512.0,2100.0
anticorr_q0475_tau0.01,anticorr,9899930,32768,1,1.0000,1.0000,0.00000,319.169,319.169,319.169,62.458,232.015,12.605,12.091,604.24,4096.0,2100.0
anticorr_q0475_tau0.03,anticorr,9900115,4096,1,1.0000,1.0000,0.00000,318.153,318.153,318.153,62.730,227.801,1.437,26.186,604.26,512.0,2100.0
anticorr_q0475_tau0.03,anticorr,9900115,32768,1,1.0000,1.0000,0.00000,309.844,309.844,309.844,62.789,232.926,11.348,2.781,604.26,4096.0,2100.0
anticorr_q0479_tau0,anticorr,9900000,4096,1,0.0000,0.0000,0.00004,328.601,328.601,328.601,62.823,228.160,1.994,35.625,604.25,512.0,2100.0
anticorr_q0479_tau0,anticorr,9900000,32768,1,0.0000,0.0000,0.00004,331.786,331.786,331.786,62.731,230.895,13.160,25.000,604.25,4096.0,2100.0
anticorr_q0479_tau0.01,anticorr,9900207,4096,1,0.6000,0.0000,0.00093,353.646,353.646,353.646,62.461,230.682,2.041,58.463,604.26,512.0,2100.0
anticorr_q0479_tau0.01,anticorr,9900207,32768,1,0.9000,0.0000,0.00019,355.633,355.633,355.633,66.552,251.954,13.132,23.995,604.26,4096.0,2100.0
anticorr_q0479_tau0.03,anticorr,9899501,4096,1,1.0000,1.0000,0.00000,390.534,390.534,390.534,65.176,242.150,1.850,81.358,604.22,512.0,2100.0
anticorr_q0479_tau0.03,anticorr,9899501,32768,1,1.0000,1.0000,0.00000,337.446,337.446,337.446,65.768,245.755,12.003,13.919,604.22,4096.0,2100.0
anticorr_q0506_tau0,anticorr,9900000,4096,1,0.0000,0.0000,0.00005,337.688,337.688,337.688,62.796,229.056,1.995,43.842,604.25,512.0,2100.0
anticorr_q0506_tau0,anticorr,9900000,32768,1,0.0000,0.0000,0.00005,338.436,338.436,338.436,63.050,232.024,12.013,31.349,604.25,4096.0,2100.0
anticorr_q0506_tau0.01,anticorr,9899733,4096,1,0.8000,0.0000,0.00118,335.543,335.543,335.543,62.201,229.482,2.024,41.836,604.23,512.0,2100.0
anticorr_q0506_tau0.01,anticorr,9899733,32768,1,1.0000,1.0000,0.00000,327.701,327.701,327.701,62.876,231.927,12.364,20.534,604.23,4096.0,2100.0
anticorr_q0506_tau0.03,anticorr,9899983,4096,1,1.0000,1.0000,0.00000,327.950,327.950,327.950,63.223,229.676,1.906,33.144,604.25,512.0,2100.0
anticorr_q0506_tau0.03,anticorr,9899983,32768,1,1.0000,1.0000,0.00000,312.447,312.447,312.447,61.773,232.576,12.166,5.931,604.25,4096.0,2100.0
anticorr_q0517_tau0,anticorr,9900000,4096,1,0.0000,0.0000,0.00007,332.460,332.460,332.460,62.495,228.855,2.012,39.097,604.25,512.0,2100.0
anticorr_q0517_tau0,anticorr,9900000,32768,1,0.0000,0.0000,0.00004,332.647,332.647,332.647,63.286,231.216,11.659,26.485,604.25,4096.0,2100.0
anticorr_q0517_tau0.01,anticorr,9900123,4096,1,0.5000,0.0000,0.00329,327.832,327.832,327.832,62.740,228.611,2.156,34.325,604.26,512.0,2100.0
anticorr_q0517_tau0.01,anticorr,9900123,32768,1,0.8000,0.0000,0.00098,329.008,329.008,329.008,64.864,234.713,11.922,17.509,604.26,4096.0,2100.0
anticorr_q0517_tau0.03,anticorr,9899832,4096,1,1.0000,1.0000,0.00000,327.113,327.113,327.113,62.379,229.122,1.931,33.681,604.24,512.0,2100.0
anticorr_q0517_tau0.03,anticorr,9899832,32768,1,1.0000,1.0000,0.00000,317.856,317.856,317.856,62.515,231.228,13.414,10.698,604.24,4096.0,2100.0
anticorr_q0523_tau0,anticorr,9900000,4096,1,0.0000,0.0000,0.00005,337.510,337.510,337.510,63.255,228.709,1.927,43.618,604.25,512.0,2100.0
anticorr_q0523_tau0,anticorr,9900000,32768,1,0.0000,0.0000,0.00003,334.190,334.190,334.190,62.684,231.413,12.117,27.976,604.25,4096.0,2100.0
anticorr_q0523_tau0.01,anticorr,9899484,4096,1,1.0000,1.0000,0.00000,339.841,339.841,339.841,62.538,228.739,1.944,46.620,604.22,512.0,2100.0
anticorr_q0523_tau0.01,anticorr,9899484,32768,1,1.0000,1.0000,0.00000,327.686,327.686,327.686,62.831,231.665,12.207,20.983,604.22,4096.0,2100.0
anticorr_q0523_tau0.03,anticorr,9899888,4096,1,1.0000,1.0000,0.00000,324.697,324.697,324.697,61.690,228.588,1.638,32.782,604.24,512.0,2100.0
anticorr_q0523_tau0.03,anticorr,9899888,32768,1,1.0000,1.0000,0.00000,309.409,309.409,309.409,62.304,231.124,12.672,3.310,604.24,4096.0,2100.0
anticorr_q0552_tau0,anticorr,9900001,4096,1,0.1000,0.0000,0.00004,331.159,331.159,331.159,61.973,228.077,2.022,39.087,604.25,512.0,2100.0
anticorr_q0552_tau0,anticorr,9900001,32768,1,0.0000,0.0000,0.00004,332.986,332.986,332.986,64.475,232.386,11.753,24.373,604.25,4096.0,2100.0
anticorr_q0552_tau0.01,anticorr,9899888,4096,1,0.8000,0.0000,0.00219,328.325,328.325,328.325,62.915,228.309,2.020,35.080,604.24,512.0,2100.0
anticorr_q0552_tau0.01,anticorr,9899888,32768,1,1.0000,1.0000,0.00000,321.435,321.435,321.435,62.054,231.801,12.056,15.523,604.24,4096.0,2100.0
anticorr_q0552_tau0.03,anticorr,9899649,4096,1,1.0000,1.0000,0.00000,322.734,322.734,322.734,63.292,228.768,1.950,28.725,604.23,512.0,2100.0
anticorr_q0552_tau0.03,anticorr,9899649,32768,1,1.0000,1.0000,0.00000,315.092,315.092,315.092,62.790,231.431,11.852,9.020,604.23,4096.0,2100.0
anticorr_q0591_tau0,anticorr,9900000,4096,1,0.0000,0.0000,0.00004,333.493,333.493,333.493,63.672,227.679,2.032,40.109,604.25,512.0,2100.0
anticorr_q0591_tau0,anticorr,9900000,32768,1,0.1000,0.0000,0.00003,331.998,331.998,331.998,63.433,231.058,11.707,25.800,604.25,4096.0,2100.0
anticorr_q0591_tau0.01,anticorr,9900154,4096,1,0.8000,0.0000,0.00028,331.664,331.664,331.664,62.607,228.865,1.967,38.225,604.26,512.0,2100.0
anticorr_q0591_tau0.01,anticorr,9900154,32768,1,1.0000,1.0000,0.00000,328.171,328.171,328.171,63.845,230.388,12.317,21.620,604.26,4096.0,2100.0
anticorr_q0591_tau0.03,anticorr,9900140,4096,1,1.0000,1.0000,0.00000,321.505,321.505,321.505,63.440,229.468,1.806,26.791,604.26,512.0,2100.0
anticorr_q0591_tau0.03,anticorr,9900140,32768,1,1.0000,1.0000,0.00000,313.784,313.784,313.784,62.876,233.072,12.404,5.433,604.26,4096.0,2100.0
anticorr_q0593_tau0,anticorr,9900000,4096,1,0.1000,0.0000,0.00003,321.418,321.418,321.418,62.679,229.180,1.926,27.633,604.25,512.0,2100.0
anticorr_q0593_tau0,anticorr,9900000,32768,1,0.1000,0.0000,0.00002,328.835,328.835,328.835,61.743,233.184,11.837,22.071,604.25,4096.0,2100.0
anticorr_q0593_tau0.01,anticorr,9900414,4096,1,0.8000,0.0000,0.00070,323.012,323.012,323.012,61.997,228.876,1.889,30.249,604.27,512.0,2100.0
anticorr_q0593_tau0.01,anticorr,9900414,32768,1,0.9000,0.0000,0.00003,319.925,319.925,319.925,62.173,231.183,13.119,13.450,604.27,4096.0,2100.0
anticorr_q0593_tau0.03,anticorr,9900005,4096,1,1.0000,1.0000,0.00000,316.335,316.335,316.335,61.901,233.579,1.627,19.229,604.25,512.0,2100.0
anticorr_q0593_tau0.03,anticorr,9900005,32768,1,1.0000,1.0000,0.00000,307.949,307.949,307.949,63.007,230.604,11.295,3.044,604.25,4096.0,2100.0
anticorr_q0596_tau0,anticorr,9900000,4096,1,0.0000,0.0000,0.00004,335.020,335.020,335.020,64.204,228.615,1.913,40.288,604.25,512.0,2100.0
anticorr_q0596_tau0,anticorr,9900000,32768,1,0.0000,0.0000,0.00002,337.080,337.080,337.080,62.202,232.277,12.316,30.284,604.25,4096.0,2100.0
anticorr_q0596_tau0.01,anticorr,9900518,4096,1,0.7000,0.0000,0.00165,334.356,334.356,334.356,63.285,228.569,1.972,40.530,604.28,512.0,2100.0
anticorr_q0596_tau0.01,anticorr,9900518,32768,1,0.9000,0.0000,0.00049,333.073,333.073,333.073,62.610,233.758,12.835,23.869,604.28,4096.0,2100.0
anticorr_q0596_tau0.03,anticorr,9900472,4096,1,1.0000,1.0000,0.00000,323.981,323.981,323.981,62.175,228.894,1.788,31.125,604.28,512.0,2100.0
anticorr_q0596_tau0.03,anticorr,9900472,32768,1,1.0000,1.0000,0.00000,315.186,315.186,315.186,62.621,230.571,12.770,9.225,604.28,4096.0,2100.0
anticorr_q0620_tau0,anticorr,9900002,4096,1,0.0000,0.0000,0.00004,327.610,327.610,327.610,63.007,227.910,1.975,34.719,604.25,512.0,2100.0
anticorr_q0620_tau0,anticorr,9900002,32768,1,0.0000,0.0000,0.00004,333.902,333.902,333.902,63.962,234.025,11.769,24.147,604.25,4096.0,2100.0
anticorr_q0620_tau0.01,anticorr,9899856,4096,1,0.8000,0.0000,0.00073,334.112,334.112,334.112,61.903,231.898,1.943,38.369,604.24,512.0,2100.0
anticorr_q0620_tau0.01,anticorr,9899856,32768,1,1.0000,1.0000,0.00000,325.321,325.321,325.321,63.429,231.728,11.891,18.273,604.24,4096.0,2100.0
anticorr_q0620_tau0.03,anticorr,9899741,4096,1,1.0000,1.0000,0.00000,324.582,324.582,324.582,61.948,228.418,1.900,32.316,604.23,512.0,2100.0
anticorr_q0620_tau0.03,anticorr,9899741,32768,1,1.0000,1.0000,0.00000,313.647,313.647,313.647,62.453,230.692,12.025,8.477,604.23,4096.0,2100.0
anticorr_q0633_tau0,anticorr,9900000,4096,1,0.0000,0.0000,0.00007,333.989,333.989,333.989,63.407,228.231,1.909,40.443,604.25,512.0,2100.0
anticorr_q0633_tau0,anticorr,9900000,32768,1,0.0000,0.0000,0.00003,334.091,334.091,334.091,62.291,231.598,12.381,27.820,604.25,4096.0,2100.0
anticorr_q0633_tau0.01,anticorr,9899936,4096,1,0.7000,0.0000,0.00198,332.543,332.543,332.543,62.830,227.535,1.956,40.223,604.24,512.0,2100.0
anticorr_q0633_tau0.01,anticorr,9899936,32768,1,0.8000,0.0000,0.00102,328.643,328.643,328.643,63.133,230.782,12.273,22.456,604.24,4096.0,2100.0
anticorr_q0633_tau0.03,anticorr,9899322,4096,1,1.0000,1.0000,0.00000,321.978,321.978,321.978,61.882,228.790,1.870,29.437,604.21,512.0,2100.0
anticorr_q0633_tau0.03,anticorr,9899322,32768,1,1.0000,1.0000,0.00000,313.466,313.466,313.466,61.798,231.650,12.159,7.859,604.21,4096.0,2100.0
anticorr_q0636_tau0,anticorr,9900000,4096,1,0.0000,0.0000,0.00004,326.850,326.850,326.850,62.800,230.400,1.953,31.698,604.25,512.0,2100.0
anticorr_q0636_tau0,anticorr,9900000,32768,1,0.0000,0.0000,0.00004,333.886,333.886,333.886,62.690,231.655,11.870,27.671,604.25,4096.0,2100.0
anticorr_q0636_tau0.01,anticorr,9900445,4096,1,0.9000,0.0000,0.00092,327.899,327.899,327.899,62.736,227.940,1.916,35.308,604.28,512.0,2100.0
anticorr_q0636_tau0.01,anticorr,9900445,32768,1,1.0000,1.0000,0.00000,326.634,326.634,326.634,63.243,231.976,11.864,19.551,604.28,4096.0,2100.0
anticorr_q0636_tau0.03,anticorr,9900840,4096,1,1.0000,1.0000,0.00000,318.585,318.585,318.585,63.893,227.627,1.838,25.226,604.30,512.0,2100.0
anticorr_q0636_tau0.03,anticorr,9900840,32768,1,1.0000,1.0000,0.00000,311.716,311.716,311.716,63.158,231.904,11.741,4.912,604.30,4096.0,2100.0
anticorr_q0643_tau0,anticorr,9900000,4096,1,0.0000,0.0000,0.00004,327.692,327.692,327.692,62.708,228.519,1.991,34.474,604.25,512.0,2100.0
anticorr_q0643_tau0,anticorr,9900000,32768,1,0.0000,0.0000,0.00002,324.860,324.860,324.860,62.350,230.446,11.733,20.331,604.25,4096.0,2100.0
anticorr_q0643_tau0.01,anticorr,9899589,4096,1,0.6000,0.0000,0.00141,325.797,325.797,325.797,63.561,228.152,2.000,32.085,604.22,512.0,2100.0
anticorr_q0643_tau0.01,anticorr,9899589,32768,1,0.8000,0.0000,0.00055,320.282,320.282,320.282,61.709,231.117,12.069,15.387,604.22,4096.0,2100.0
anticorr_q0643_tau0.03,anticorr,9899489,4096,1,1.0000,1.0000,0.00000,318.165,318.165,318.165,62.659,228.985,1.935,24.586,604.22,512.0,2100.0
anticorr_q0643_tau0.03,anticorr,9899489,32768,1,1.0000,1.0000,0.00000,320.597,320.597,320.597,64.028,232.236,12.496,11.837,604.22,4096.0,2100.0
anticorr_q0655_tau0,anticorr,9900000,4096,1,0.0000,0.0000,0.00005,337.449,337.449,337.449,62.890,226.255,1.899,46.405,604.25,512.0,2100.0
anticorr_q0655_tau0,anticorr,9900000,32768,1,0.0000,0.0000,0.00003,329.939,329.939,329.939,62.336,230.748,12.012,24.842,604.25,4096.0,2100.0
anticorr_q0655_tau0.01,anticorr,9899936,4096,1,0.9000,0.0000,0.00024,334.868,334.868,334.868,62.575,228.105,1.878,42.309,604.24,512.0,2100.0
anticorr_q0655_tau0.01,anticorr,9899936,32768,1,1.0000,1.0000,0.00000,322.394,322.394,322.394,63.226,230.722,12.148,16.298,604.24,4096.0,2100.0
anticorr_q0655_tau0.03,anticorr,9900416,4096,1,1.0000,1.0000,0.00000,320.037,320.037,320.037,64.533,228.672,1.631,25.202,604.27,512.0,2100.0
anticorr_q0655_tau0.03,anticorr,9900416,32768,1,1.0000,1.0000,0.00000,306.083,306.083,306.083,62.412,229.522,11.472,2.676,604.27,4096.0,2100.0
anticorr_q0656_tau0,anticorr,9900001,4096,1,0.1000,0.0000,0.00004,335.176,335.176,335.176,63.263,228.253,1.821,41.839,604.25,512.0,2100.0
anticorr_q0656_tau0,anticorr,9900001,32768,1,0.0000,0.0000,0.00003,332.180,332.180,332.180,62.775,231.934,12.446,25.025,604.25,4096.0,2100.0
anticorr_q0656_tau0.01,anticorr,9899725,4096,1,0.8000,0.0000,0.00143,324.434,324.434,324.434,63.571,228.483,1.917,30.464,604.23,512.0,2100.0
anticorr_q0656_tau0.01,anticorr,9899725,32768,1,1.0000,1.0000,0.00000,329.964,329.964,329.964,62.665,233.893,11.704,21.701,604.23,4096.0,2100.0
anticorr_q0656_tau0.03,anticorr,9900557,4096,1,1.0000,1.0000,0.00000,319.093,319.093,319.093,62.749,227.866,1.699,26.779,604.28,512.0,2100.0
anticorr_q0656_tau0.03,anticorr,9900557,32768,1,1.0000,1.0000,0.00000,311.165,311.165,311.165,63.295,230.541,11.793,5.536,604.28,4096.0,2100.0
anticorr_q0660_tau0,anticorr,9900000,4096,1,0.0000,0.0000,0.00005,326.767,326.767,326.767,63.227,228.418,2.024,33.098,604.25,512.0,2100.0
anticorr_q0660_tau0,anticorr,9900000,32768,1,0.0000,0.0000,0.00003,331.077,331.077,331.077,62.672,233.216,12.661,22.529,604.25,4096.0,2100.0
anticorr_q0660_tau0.01,anticorr,9899848,4096,1,0.5000,0.0000,0.00297,326.564,326.564,326.564,61.847,231.136,1.988,31.593,604.24,512.0,2100.0
anticorr_q0660_tau0.01,anticorr,9899848,32768,1,0.7000,0.0000,0.00079,323.893,323.893,323.893,62.593,231.155,11.578,18.568,604.24,4096.0,2100.0
anticorr_q0660_tau0.03,anticorr,9899835,4096,1,0.9000,0.0000,0.00082,318.078,318.078,318.078,64.577,228.451,1.782,23.269,604.24,512.0,2100.0
anticorr_q0660_tau0.03,anticorr,9899835,32768,1,1.0000,1.0000,0.00000,316.259,316.259,316.259,63.745,232.198,11.894,8.421,604.24,4096.0,2100.0
anticorr_q0669_tau0,anticorr,9900000,4096,1,0.0000,0.0000,0.00010,331.984,331.984,331.984,62.490,229.194,2.013,38.286,604.25,512.0,2100.0
anticorr_q0669_tau0,anticorr,9900000,32768,1,0.0000,0.0000,0.00006,334.489,334.489,334.489,62.577,233.783,12.310,25.820,604.25,4096.0,2100.0
anticorr_q0669_tau0.01,anticorr,9900129,4096,1,0.9000,0.0000,0.00052,330.614,330.614,330.614,62.329,228.329,1.973,37.983,604.26,512.0,2100.0
anticorr_q0669_tau0.01,anticorr,9900129,32768,1,1.0000,1.0000,0.00000,327.988,327.988,327.988,62.434,231.338,12.226,21.990,604.26,4096.0,2100.0
anticorr_q0669_tau0.03,anticorr,9900060,4096,1,1.0000,1.0000,0.00000,322.031,322.031,322.031,63.869,228.293,1.815,28.054,604.25,512.0,2100.0
anticorr_q0669_tau0.03,anticorr,9900060,32768,1,1.0000,1.0000,0.00000,315.132,315.132,315.132,63.865,231.161,12.182,7.925,604.25,4096.0,2100.0
anticorr_q0671_tau0,anticorr,9900000,4096,1,0.0000,0.0000,0.00005,335.671,335.671,335.671,61.627,231.546,2.162,40.336,604.25,512.0,2100.0
anticorr_q0671_tau0,anticorr,9900000,32768,1,0.0000,0.0000,0.00002,332.226,332.226,332.226,62.634,232.011,11.905,25.676,604.25,4096.0,2100.0
anticorr_q0671_tau0.01,anticorr,9899767,4096,1,0.6000,0.0000,0.00260,330.086,330.086,330.086,62.800,226.868,1.955,38.464,604.23,512.0,2100.0
anticorr_q0671_tau0.01,anticorr,9899767,32768,1,0.8000,0.0000,0.00027,324.605,324.605,324.605,62.623,231.720,11.656,18.606,604.23,4096.0,2100.0
anticorr_q0671_tau0.03,anticorr,9900017,4096,1,1.0000,1.0000,0.00000,317.624,317.624,317.624,62.778,228.503,1.810,24.532,604.25,512.0,2100.0
anticorr_q0671_tau0.03,anticorr,9900017,32768,1,1.0000,1.0000,0.00000,313.117,313.117,313.117,62.118,231.232,12.957,6.809,604.25,4096.0,2100.0
anticorr_q0681_tau0,anticorr,9900000,4096,1,0.0000,0.0000,0.00006,333.979,333.979,333.979,62.688,230.152,1.982,39.157,604.25,512.0,2100.0
anticorr_q0681_tau0,anticorr,9900000,32768,1,0.0000,0.0000,0.00004,334.356,334.356,334.356,62.229,231.686,12.343,28.098,604.25,4096.0,2100.0
anticorr_q0681_tau0.01,anticorr,9900094,4096,1,0.5000,0.0000,0.00300,337.453,337.453,337.453,62.647,228.195,1.876,44.735,604.25,512.0,2100.0
anticorr_q0681_tau0.01,anticorr,9900094,32768,1,1.0000,1.0000,0.00000,324.179,324.179,324.179,63.929,230.772,12.297,17.180,604.25,4096.0,2100.0
anticorr_q0681_tau0.03,anticorr,9899861,4096,1,1.0000,1.0000,0.00000,324.322,324.322,324.322,63.629,230.380,1.860,28.454,604.24,512.0,2100.0
anticorr_q0681_tau0.03,anticorr,9899861,32768,1,1.0000,1.0000,0.00000,315.836,315.836,315.836,63.516,230.162,12.525,9.633,604.24,4096.0,2100.0
anticorr_q0690_tau0,anticorr,9900001,4096,1,0.0000,0.0000,0.00003,334.250,334.250,334.250,62.632,228.848,2.003,40.767,604.25,512.0,2100.0
anticorr_q0690_tau0,anticorr,9900001,32768,1,0.0000,0.0000,0.00004,336.625,336.625,336.625,63.764,231.237,11.873,29.751,604.25,4096.0,2100.0
anticorr_q0690_tau0.01,anticorr,9899876,4096,1,0.8000,0.0000,0.00187,333.453,333.453,333.453,62.822,228.910,1.909,39.812,604.24,512.0,2100.0
anticorr_q0690_tau0.01,anticorr,9899876,32768,1,1.0000,1.0000,0.00000,328.109,328.109,328.109,63.415,230.433,12.141,22.120,604.24,4096.0,2100.0
anticorr_q0690_tau0.03,anticorr,9899901,4096,1,1.0000,1.0000,0.00000,328.999,328.999,328.999,61.985,234.670,1.683,30.661,604.24,512.0,2100.0
anticorr_q0690_tau0.03,anticorr,9899901,32768,1,1.0000,1.0000,0.00000,313.125,313.125,313.125,62.624,230.372,12.359,7.770,604.24,4096.0,2100.0
anticorr_q0695_tau0,anticorr,9900000,4096,1,0.1000,0.0000,0.00001,330.945,330.945,330.945,62.426,227.973,1.941,38.604,604.25,512.0,2100.0
anticorr_q0695_tau0,anticorr,9900000,32768,1,0.2000,0.0000,0.00001,332.282,332.282,332.282,62.588,231.367,12.006,26.320,604.25,4096.0,2100.0
anticorr_q0695_tau0.01,anticorr,9899936,4096,1,1.0000,1.0000,0.00000,321.139,321.139,321.139,61.414,229.684,1.894,28.147,604.24,512.0,2100.0
anticorr_q0695_tau0.01,anticorr,9899936,32768,1,1.0000,1.0000,0.00000,319.259,319.259,319.259,64.753,232.319,11.737,10.451,604.24,4096.0,2100.0
anticorr_q0695_tau0.03,anticorr,9899734,4096,1,1.0000,1.0000,0.00000,319.603,319.603,319.603,62.121,227.286,1.831,28.365,604.23,512.0,2100.0
anticorr_q0695_tau0.03,anticorr,9899734,32768,1,1.0000,1.0000,0.00000,311.372,311.372,311.372,63.029,230.466,13.414,4.464,604.23,4096.0,2100.0
anticorr_q0698_tau0,anticorr,9900001,4096,1,0.0000,0.0000,0.00004,331.476,331.476,331.476,61.794,230.986,2.019,36.678,604.25,512.0,2100.0
anticorr_q0698_tau0,anticorr,9900001,32768,1,0.0000,0.0000,0.00005,330.061,330.061,330.061,61.816,231.736,13.048,23.462,604.25,4096.0,2100.0
anticorr_q0698_tau0.01,anticorr,9899936,4096,1,0.8000,0.0000,0.00049,337.466,337.466,337.466,64.939,228.707,2.059,41.761,604.24,512.0,2100.0
anticorr_q0698_tau0.01,anticorr,9899936,32768,1,0.9000,0.0000,0.00006,328.834,328.834,328.834,62.517,231.054,12.559,22.704,604.24,4096.0,2100.0
anticorr_q0698_tau0.03,anticorr,9900691,4096,1,1.0000,1.0000,0.00000,317.553,317.553,317.553,62.957,227.425,1.963,25.207,604.29,512.0,2100.0
anticorr_q0698_tau0.03,anticorr,9900691,32768,1,1.0000,1.0000,0.00000,310.632,310.632,310.632,62.423,230.605,12.137,5.467,604.29,4096.0,2100.0
anticorr_q0712_tau0,anticorr,9900000,4096,1,0.0000,0.0000,0.00004,324.474,324.474,324.474,63.730,230.254,1.897,28.592,604.25,512.0,2100.0
anticorr_q0712_tau0,anticorr,9900000,32768,1,0.0000,0.0000,0.00002,329.994,329.994,329.994,62.750,234.574,11.748,20.922,604.25,4096.0,2100.0
anticorr_q0712_tau0.01,anticorr,9899910,4096,1,0.5000,0.0000,0.00513,323.535,323.535,323.535,62.421,228.727,1.951,30.437,604.24,512.0,2100.0
anticorr_q0712_tau0.01,anticorr,9899910,32768,1,0.7000,0.0000,0.00151,324.353,324.353,324.353,62.967,231.307,12.043,18.036,604.24,4096.0,2100.0
anticorr_q0712_tau0.03,anticorr,9900215,4096,1,0.9000,0.0000,0.00163,323.844,323.844,323.844,61.671,229.418,1.925,30.830,604.26,512.0,2100.0
anticorr_q0712_tau0.03,anticorr,9900215,32768,1,1.0000,1.0000,0.00000,316.975,316.975,316.975,62.554,230.600,13.256,10.565,604.26,4096.0,2100.0
anticorr_q0714_tau0,anticorr,9900000,4096,1,0.0000,0.0000,0.00005,336.483,336.483,336.483,62.225,232.195,2.025,40.038,604.25,512.0,2100.0
anticorr_q0714_tau0,anticorr,9900000,32768,1,0.0000,0.0000,0.00004,337.574,337.574,337.574,61.986,231.906,11.789,31.893,604.25,4096.0,2100.0
anticorr_q0714_tau0.01,anticorr,9900125,4096,1,0.7000,0.0000,0.00127,328.723,328.723,328.723,62.400,228.715,1.907,35.702,604.26,512.0,2100.0
anticorr_q0714_tau0.01,anticorr,9900125,32768,1,1.0000,1.0000,0.00000,325.366,325.366,325.366,61.613,232.397,12.151,19.205,604.26,4096.0,2100.0
anticorr_q0714_tau0.03,anticorr,9899674,4096,1,1.0000,1.0000,0.00000,320.576,320.576,320.576,64.032,227.223,1.720,27.601,604.23,512.0,2100.0
anticorr_q0714_tau0.03,anticorr,9899674,32768,1,1.0000,1.0000,0.00000,319.608,319.608,319.608,62.542,233.403,11.094,12.570,604.23,4096.0,2100.0
anticorr_q0716_tau0,anticorr,9900000,4096,1,0.1000,0.0000,0.00002,336.785,336.785,336.785,62.388,227.666,2.072,44.660,604.25,512.0,2100.0
anticorr_q0716_tau0,anticorr,9900000,32768,1,0.0000,0.0000,0.00004,335.265,335.265,335.265,61.959,232.221,12.171,28.913,604.25,4096.0,2100.0
anticorr_q0716_tau0.01,anticorr,9900123,4096,1,0.9000,0.0000,0.00103,332.923,332.923,332.923,61.661,228.986,1.957,40.319,604.26,512.0,2100.0
anticorr_q0716_tau0.01,anticorr,9900123,32768,1,0.9000,0.0000,0.00103,323.739,323.739,323.739,63.097,231.341,12.711,16.590,604.26,4096.0,2100.0
anticorr_q0716_tau0.03,anticorr,9899962,4096,1,1.0000,1.0000,0.00000,333.974,333.974,333.974,61.903,231.468,1.835,38.769,604.25,512.0,2100.0
anticorr_q0716_tau0.03,anticorr,9899962,32768,1,1.0000,1.0000,0.00000,312.154,312.154,312.154,62.113,230.651,11.688,7.702,604.25,4096.0,2100.0
anticorr_q0720_tau0,anticorr,9900000,4096,1,0.1000,0.0000,0.00004,326.816,326.816,326.816,63.606,228.622,2.011,32.577,604.25,512.0,2100.0
anticorr_q0720_tau0,anticorr,9900000,32768,1,0.1000,0.0000,0.00003,329.183,329.183,329.183,62.898,231.743,12.335,22.207,604.25,4096.0,2100.0
anticorr_q0720_tau0.01,anticorr,9899905,4096,1,0.4000,0.0000,0.00176,326.017,326.017,326.017,62.668,229.535,2.020,31.794,604.24,512.0,2100.0
anticorr_q0720_tau0.01,anticorr,9899905,32768,1,0.8000,0.0000,0.00016,325.847,325.847,325.847,62.752,232.168,12.828,18.100,604.24,4096.0,2100.0
anticorr_q0720_tau0.03,anticorr,9900468,4096,1,1.0000,1.0000,0.00000,317.747,317.747,317.747,62.500,228.592,1.996,24.659,604.28,512.0,2100.0
anticorr_q0720_tau0.03,anticorr,9900468,32768,1,1.0000,1.0000,0.00000,314.274,314.274,314.274,61.643,231.868,11.966,8.796,604.28,4096.0,2100.0
anticorr_q0722_tau0,anticorr,9900000,4096,1,0.0000,0.0000,0.00006,323.855,323.855,323.855,61.634,229.453,1.874,30.895,604.25,512.0,2100.0
anticorr_q0722_tau0,anticorr,9900000,32768,1,0.0000,0.0000,0.00002,327.082,327.082,327.082,62.573,231.612,12.887,20.009,604.25,4096.0,2100.0
anticorr_q0722_tau0.01,anticorr,9899927,4096,1,0.7000,0.0000,0.00099,323.129,323.129,323.129,61.603,230.312,1.772,29.442,604.24,512.0,2100.0
anticorr_q0722_tau0.01,anticorr,9899927,32768,1,1.0000,1.0000,0.00000,319.605,319.605,319.605,63.317,231.490,11.648,13.150,604.24,4096.0,2100.0
anticorr_q0722_tau0.03,anticorr,9899753,4096,1,1.0000,1.0000,0.00000,314.530,314.530,314.530,63.716,227.893,1.630,21.291,604.23,512.0,2100.0
anticorr_q0722_tau0.03,anticorr,9899753,32768,1,1.0000,1.0000,0.00000,309.479,309.479,309.479,61.607,232.194,11.672,4.006,604.23,4096.0,2100.0
anticorr_q0739_tau0,anticorr,9900000,4096,1,0.0000,0.0000,0.00003,323.921,323.921,323.921,62.750,229.354,1.906,29.911,604.25,512.0,2100.0
anticorr_q0739_tau0,anticorr,9900000,32768,1,0.1000,0.0000,0.00002,329.349,329.349,329.349,62.723,231.149,11.684,23.793,604.25,4096.0,2100.0
anticorr_q0739_tau0.01,anticorr,9900332,4096,1,0.8000,0.0000,0.00053,322.693,322.693,322.693,62.498,228.000,1.902,30.292,604.27,512.0,2100.0
anticorr_q0739_tau0.01,anticorr,9900332,32768,1,0.9000,0.0000,0.00005,320.185,320.185,320.185,62.479,231.641,11.799,14.265,604.27,4096.0,2100.0
anticorr_q0739_tau0.03,anticorr,9899894,4096,1,1.0000,1.0000,0.00000,311.475,311.475,311.475,61.603,227.834,1.653,20.385,604.24,512.0,2100.0
anticorr_q0739_tau0.03,anticorr,9899894,32768,1,1.0000,1.0000,0.00000,307.800,307.800,307.800,62.791,229.885,11.135,3.990,604.24,4096.0,2100.0
anticorr_q0759_tau0,anticorr,9900000,4096,1,0.0000,0.0000,0.00003,326.487,326.487,326.487,62.932,227.733,1.947,33.874,604.25,512.0,2100.0
anticorr_q0759_tau0,anticorr,9900000,32768,1,0.0000,0.0000,0.00004,333.772,333.772,333.772,64.256,234.034,12.463,23.019,604.25,4096.0,2100.0
anticorr_q0759_tau0.01,anticorr,9900237,4096,1,0.9000,0.0000,0.00022,324.333,324.333,324.333,62.584,228.728,1.888,31.133,604.26,512.0,2100.0
anticorr_q0759_tau0.01,anticorr,9900237,32768,1,1.0000,1.0000,0.00000,321.187,321.187,321.187,63.305,231.747,12.112,14.024,604.26,4096.0,2100.0
anticorr_q0759_tau0.03,anticorr,9899764,4096,1,1.0000,1.0000,0.00000,322.133,322.133,322.133,62.116,230.000,1.983,28.034,604.23,512.0,2100.0
anticorr_q0759_tau0.03,anticorr,9899764,32768,1,1.0000,1.0000,0.00000,314.441,314.441,314.441,62.709,230.427,11.904,9.400,604.23,4096.0,2100.0
anticorr_q0763_tau0,anticorr,9900001,4096,1,0.0000,0.0000,0.00005,336.036,336.036,336.036,63.415,230.656,1.954,40.011,604.25,512.0,2100.0
anticorr_q0763_tau0,anticorr,9900001,32768,1,0.0000,0.0000,0.00004,332.829,332.829,332.829,62.143,231.529,12.063,27.093,604.25,4096.0,2100.0
anticorr_q0763_tau0.01,anticorr,9899825,4096,1,0.8000,0.0000,0.00098,328.736,328.736,328.736,61.799,228.513,1.927,36.497,604.24,512.0,2100.0
anticorr_q0763_tau0.01,anticorr,9899825,32768,1,0.9000,0.0000,0.00081,327.724,327.724,327.724,62.286,230.623,13.118,21.696,604.24,4096.0,2100.0
anticorr_q0763_tau0.03,anticorr,9899690,4096,1,1.0000,1.0000,0.00000,323.722,323.722,323.722,62.847,227.159,1.880,31.835,604.23,512.0,2100.0
anticorr_q0763_tau0.03,anticorr,9899690,32768,1,1.0000,1.0000,0.00000,316.000,316.000,316.000,62.436,233.997,11.665,7.902,604.23,4096.0,2100.0
anticorr_q0771_tau0,anticorr,9900000,4096,1,0.1000,0.0000,0.00005,325.871,325.871,325.871,63.462,228.606,2.135,31.668,604.25,512.0,2100.0
anticorr_q0771_tau0,anticorr,9900000,32768,1,0.1000,0.0000,0.00003,328.855,328.855,328.855,61.841,231.673,11.982,23.359,604.25,4096.0,2100.0
anticorr_q0771_tau0.01,anticorr,9900307,4096,1,1.0000,1.0000,0.00000,326.581,326.581,326.581,61.875,230.314,1.832,32.561,604.27,512.0,2100.0
anticorr_q0771_tau0.01,anticorr,9900307,32768,1,1.0000,1.0000,0.00000,317.749,317.749,317.749,62.635,232.207,11.797,11.110,604.27,4096.0,2100.0
anticorr_q0771_tau0.03,anticorr,9899838,4096,1,1.0000,1.0000,0.00000,324.218,324.218,324.218,62.612,231.184,1.438,28.984,604.24,512.0,2100.0
anticorr_q0771_tau0.03,anticorr,9899838,32768,1,1.0000,1.0000,0.00000,313.425,313.425,313.425,63.677,231.609,11.244,6.895,604.24,4096.0,2100.0
anticorr_q0772_tau0,anticorr,9900000,4096,1,0.0000,0.0000,0.00003,335.185,335.185,335.185,61.674,229.459,1.963,42.090,604.25,512.0,2100.0
anticorr_q0772_tau0,anticorr,9900000,32768,1,0.0000,0.0000,0.00004,332.743,332.743,332.743,62.044,234.611,11.965,24.124,604.25,4096.0,2100.0
anticorr_q0772_tau0.01,anticorr,9899747,4096,1,0.5000,0.0000,0.00341,331.286,331.286,331.286,62.617,227.568,2.011,39.090,604.23,512.0,2100.0
anticorr_q0772_tau0.01,anticorr,9899747,32768,1,0.9000,0.0000,0.00064,329.139,329.139,329.139,62.336,232.927,12.103,21.773,604.23,4096.0,2100.0
anticorr_q0772_tau0.03,anticorr,9900116,4096,1,1.0000,1.0000,0.00000,332.392,332.392,332.392,63.674,228.320,1.861,38.536,604.26,512.0,2100.0
anticorr_q0772_tau0.03,anticorr,9900116,32768,1,1.0000,1.0000,0.00000,314.122,314.122,314.122,61.457,231.166,12.117,9.382,604.26,4096.0,2100.0
anticorr_q0776_tau0,anticorr,9900000,4096,1,0.1000,0.0000,0.00004,325.783,325.783,325.783,62.194,228.421,1.925,33.242,604.25,512.0,2100.0
anticorr_q0776_tau0,anticorr,9900000,32768,1,0.0000,0.0000,0.00003,328.946,328.946,328.946,62.914,232.288,12.083,21.660,604.25,4096.0,2100.0
anticorr_q0776_tau0.01,anticorr,9899647,4096,1,0.7000,0.0000,0.00140,335.926,335.926,335.926,62.727,230.898,1.836,40.464,604.23,512.0,2100.0
anticorr_q0776_tau0.01,anticorr,9899647,32768,1,1.0000,1.0000,0.00000,329.961,329.961,329.961,63.993,232.135,12.011,21.822,604.23,4096.0,2100.0
anticorr_q0776_tau0.03,anticorr,9899743,4096,1,1.0000,1.0000,0.00000,323.832,323.832,323.832,63.976,228.301,1.594,29.961,604.23,512.0,2100.0
anticorr_q0776_tau0.03,anticorr,9899743,32768,1,1.0000,1.0000,0.00000,310.453,310.453,310.453,63.289,231.073,11.604,4.488,604.23,4096.0,2100.0
anticorr_q0777_tau0,anticorr,9900001,4096,1,0.0000,0.0000,0.00002,329.595,329.595,329.595,62.189,228.411,1.965,37.030,604.25,512.0,2100.0
anticorr_q0777_tau0,anticorr,9900001,32768,1,0.1000,0.0000,0.00002,329.943,329.943,329.943,62.584,231.497,12.787,23.074,604.25,4096.0,2100.0
anticorr_q0777_tau0.01,anticorr,9899827,4096,1,0.6000,0.0000,0.00203,330.660,330.660,330.660,63.327,227.462,1.891,37.981,604.24,512.0,2100.0
anticorr_q0777_tau0.01,anticorr,9899827,32768,1,0.9000,0.0000,0.00012,326.260,326.260,326.260,62.182,231.798,12.145,20.135,604.24,4096.0,2100.0
anticorr_q0777_tau0.03,anticorr,9899736,4096,1,1.0000,1.0000,0.00000,321.392,321.392,321.392,63.920,228.479,1.809,27.185,604.23,512.0,2100.0
anticorr_q0777_tau0.03,anticorr,9899736,32768,1,1.0000,1.0000,0.00000,313.960,313.960,313.960,62.812,230.678,11.592,8.878,604.23,4096.0,2100.0
anticorr_q0798_tau0,anticorr,9900000,4096,1,0.0000,0.0000,0.00007,331.333,331.333,331.333,62.784,228.234,2.099,38.217,604.25,512.0,2100.0
anticorr_q0798_tau0,anticorr,9900000,32768,1,0.1000,0.0000,0.00002,335.099,335.099,335.099,63.423,232.751,12.136,26.789,604.25,4096.0,2100.0
anticorr_q0798_tau0.01,anticorr,9899653,4096,1,0.7000,0.0000,0.00075,335.325,335.325,335.325,61.830,228.884,1.968,42.644,604.23,512.0,2100.0
anticorr_q0798_tau0.01,anticorr,9899653,32768,1,0.9000,0.0000,0.00032,326.540,326.540,326.540,62.057,231.770,12.167,20.547,604.23,4096.0,2100.0
anticorr_q0798_tau0.03,anticorr,9900398,4096,1,1.0000,1.0000,0.00000,327.385,327.385,327.385,63.053,228.087,1.902,34.342,604.27,512.0,2100.0
anticorr_q0798_tau0.03,anticorr,9900398,32768,1,1.0000,1.0000,0.00000,313.347,313.347,313.347,62.440,231.281,11.850,7.777,604.27,4096.0,2100.0
anticorr_q0804_tau0,anticorr,9900000,4096,1,0.0000,0.0000,0.00004,335.216,335.216,335.216,62.398,228.254,1.928,42.636,604.25,512.0,2100.0
anticorr_q0804_tau0,anticorr,9900000,32768,1,0.0000,0.0000,0.00005,334.404,334.404,334.404,62.209,231.200,12.637,28.357,604.25,4096.0,2100.0
anticorr_q0804_tau0.01,anticorr,9899438,4096,1,0.8000,0.0000,0.00030,333.593,333.593,333.593,61.284,228.202,1.894,42.212,604.21,512.0,2100.0
anticorr_q0804_tau0.01,anticorr,9899438,32768,1,1.0000,1.0000,0.00000,325.762,325.762,325.762,62.813,230.355,12.941,19.653,604.21,4096.0,2100.0
anticorr_q0804_tau0.03,anticorr,9900408,4096,1,1.0000,1.0000,0.00000,320.812,320.812,320.812,62.733,227.411,1.732,28.937,604.27,512.0,2100.0
anticorr_q0804_tau0.03,anticorr,9900408,32768,1,1.0000,1.0000,0.00000,314.553,314.553,314.553,65.383,232.123,11.094,5.952,604.27,4096.0,2100.0
anticorr_q0819_tau0,anticorr,9900000,4096,1,0.0000,0.0000,0.00004,333.596,333.596,333.596,63.425,227.996,1.965,40.210,604.25,512.0,2100.0
anticorr_q0819_tau0,anticorr,9900000,32768,1,0.0000,0.0000,0.00003,331.476,331.476,331.476,62.032,233.637,12.173,23.635,604.25,4096.0,2100.0
anticorr_q0819_tau0.01,anticorr,9899730,4096,1,0.3000,0.0000,0.00283,330.842,330.842,330.842,62.063,229.512,1.942,37.324,604.23,512.0,2100.0
anticorr_q0819_tau0.01,anticorr,9899730,32768,1,0.7000,0.0000,0.00061,323.204,323.204,323.204,62.615,230.518,11.848,18.223,604.23,4096.0,2100.0
anticorr_q0819_tau0.03,anticorr,9900218,4096,1,1.0000,1.0000,0.00000,315.531,315.531,315.531,64.048,229.135,1.774,20.574,604.26,512.0,2100.0
anticorr_q0819_tau0.03,anticorr,9900218,32768,1,1.0000,1.0000,0.00000,313.968,313.968,313.968,61.783,232.500,12.086,7.599,604.26,4096.0,2100.0
anticorr_q0823_tau0,anticorr,9900000,4096,1,0.0000,0.0000,0.00003,328.956,328.956,328.956,63.067,227.382,1.951,36.556,604.25,512.0,2100.0
anticorr_q0823_tau0,anticorr,9900000,32768,1,0.0000,0.0000,0.00005,327.948,327.948,327.948,62.902,230.678,11.835,22.533,604.25,4096.0,2100.0
anticorr_q0823_tau0.01,anticorr,9899861,4096,1,0.8000,0.0000,0.00046,324.728,324.728,324.728,62.077,228.093,2.034,32.524,604.24,512.0,2100.0
anticorr_q0823_tau0.01,anticorr,9899861,32768,1,1.0000,1.0000,0.00000,325.638,325.638,325.638,62.966,234.185,12.673,15.813,604.24,4096.0,2100.0
anticorr_q0823_tau0.03,anticorr,9899875,4096,1,1.0000,1.0000,0.00000,318.705,318.705,318.705,62.765,227.748,1.919,26.272,604.24,512.0,2100.0
anticorr_q0823_tau0.03,anticorr,9899875,32768,1,1.0000,1.0000,0.00000,314.849,314.849,314.849,63.570,231.109,12.232,7.938,604.24,4096.0,2100.0
anticorr_q0830_tau0,anticorr,9900000,4096,1,0.0000,0.0000,0.00006,329.486,329.486,329.486,63.608,227.491,1.944,36.443,604.25,512.0,2100.0
anticorr_q0830_tau0,anticorr,9900000,32768,1,0.0000,0.0000,0.00006,333.954,333.954,333.954,62.550,230.128,12.739,28.537,604.25,4096.0,2100.0
anticorr_q0830_tau0.01,anticorr,9899917,4096,1,0.6000,0.0000,0.00179,338.270,338.270,338.270,62.677,231.179,1.897,42.517,604.24,512.0,2100.0
anticorr_q0830_tau0.01,anticorr,9899917,32768,1,0.9000,0.0000,0.00011,326.294,326.294,326.294,62.812,232.226,12.355,18.902,604.24,4096.0,2100.0
anticorr_q0830_tau0.03,anticorr,9899898,4096,1,1.0000,1.0000,0.00000,322.858,322.858,322.858,63.844,229.144,1.767,28.103,604.24,512.0,2100.0
anticorr_q0830_tau0.03,anticorr,9899898,32768,1,1.0000,1.0000,0.00000,312.059,312.059,312.059,62.570,231.529,11.721,6.239,604.24,4096.0,2100.0
anticorr_q0835_tau0,anticorr,9900000,4096,1,0.0000,0.0000,0.00004,333.465,333.465,333.465,62.403,227.017,2.012,42.033,604.25,512.0,2100.0
anticorr_q0835_tau0,anticorr,9900000,32768,1,0.1000,0.0000,0.00002,338.808,338.808,338.808,63.272,233.180,12.115,30.240,604.25,4096.0,2100.0
anticorr_q0835_tau0.01,anticorr,9900310,4096,1,1.0000,1.0000,0.00000,334.025,334.025,334.025,63.765,227.783,1.914,40.562,604.27,512.0,2100.0
anticorr_q0835_tau0.01,anticorr,9900310,32768,1,1.0000,1.0000,0.00000,329.066,329.066,329.066,63.431,231.611,12.707,21.317,604.27,4096.0,2100.0
anticorr_q0835_tau0.03,anticorr,9899227,4096,1,1.0000,1.0000,0.00000,323.645,323.645,323.645,61.716,229.029,1.844,31.055,604.20,512.0,2100.0
anticorr_q0835_tau0.03,anticorr,9899227,32768,1,1.0000,1.0000,0.00000,310.542,310.542,310.542,62.616,229.637,11.670,6.619,604.20,4096.0,2100.0
anticorr_q0846_tau0,anticorr,9900001,4096,1,0.0000,0.0000,0.00007,329.289,329.289,329.289,62.450,231.461,1.896,33.482,604.25,512.0,2100.0
anticorr_q0846_tau0,anticorr,9900001,32768,1,0.0000,0.0000,0.00004,333.466,333.466,333.466,63.543,232.154,11.838,25.930,604.25,4096.0,2100.0
anticorr_q0846_tau0.01,anticorr,9899928,4096,1,0.5000,0.0000,0.00399,327.193,327.193,327.193,61.585,228.862,1.957,34.789,604.24,512.0,2100.0
anticorr_q0846_tau0.01,anticorr,9899928,32768,1,1.0000,1.0000,0.00000,326.931,326.931,326.931,62.352,231.076,13.267,20.237,604.24,4096.0,2100.0
anticorr_q0846_tau0.03,anticorr,9899958,4096,1,1.0000,1.0000,0.00000,321.677,321.677,321.677,62.145,228.216,1.849,29.468,604.25,512.0,2100.0
anticorr_q0846_tau0.03,anticorr,9899958,32768,1,1.0000,1.0000,0.00000,310.321,310.321,310.321,62.572,231.397,13.091,3.262,604.25,4096.0,2100.0
anticorr_q0856_tau0,anticorr,9900000,4096,1,0.0000,0.0000,0.00002,325.255,325.255,325.255,62.416,228.061,1.918,32.860,604.25,512.0,2100.0
anticorr_q0856_tau0,anticorr,9900000,32768,1,0.0000,0.0000,0.00003,330.037,330.037,330.037,62.817,231.609,14.213,21.399,604.25,4096.0,2100.0
anticorr_q0856_tau0.01,anticorr,9899480,4096,1,0.7000,0.0000,0.00091,322.819,322.819,322.819,63.297,228.171,1.970,29.381,604.22,512.0,2100.0
anticorr_q0856_tau0.01,anticorr,9899480,32768,1,0.9000,0.0000,0.00015,326.013,326.013,326.013,63.853,231.920,11.970,18.271,604.22,4096.0,2100.0
anticorr_q0856_tau0.03,anticorr,9900015,4096,1,1.0000,1.0000,0.00000,326.648,326.648,326.648,61.703,229.189,1.777,33.980,604.25,512.0,2100.0
anticorr_q0856_tau0.03,anticorr,9900015,32768,1,1.0000,1.0000,0.00000,320.454,320.454,320.454,64.244,232.222,12.243,11.746,604.25,4096.0,2100.0
anticorr_q0875_tau0,anticorr,9900000,4096,1,0.1000,0.0000,0.00005,334.030,334.030,334.030,61.903,229.392,2.069,40.667,604.25,512.0,2100.0
anticorr_q0875_tau0,anticorr,9900000,32768,1,0.1000,0.0000,0.00004,335.970,335.970,335.970,62.545,232.660,12.128,28.637,604.25,4096.0,2100.0
anticorr_q0875_tau0.01,anticorr,9900450,4096,1,0.6000,0.0000,0.00157,328.783,328.783,328.783,62.704,227.753,1.908,36.418,604.28,512.0,2100.0
anticorr_q0875_tau0.01,anticorr,9900450,32768,1,0.8000,0.0000,0.00046,326.225,326.225,326.225,63.564,230.835,12.069,19.757,604.28,4096.0,2100.0
anticorr_q0875_tau0.03,anticorr,9900620,4096,1,1.0000,1.0000,0.00000,325.281,325.281,325.281,61.511,229.428,1.778,32.563,604.29,512.0,2100.0
anticorr_q0875_tau0.03,anticorr,9900620,32768,1,1.0000,1.0000,0.00000,310.852,310.852,310.852,62.351,230.935,12.769,4.797,604.29,4096.0,2100.0
anticorr_q0886_tau0,anticorr,9900000,4096,1,0.0000,0.0000,0.00005,331.560,331.560,331.560,61.999,228.183,2.057,39.322,604.25,512.0,2100.0
anticorr_q0886_tau0,anticorr,9900000,32768,1,0.0000,0.0000,0.00003,331.804,331.804,331.804,63.278,231.257,12.302,24.966,604.25,4096.0,2100.0
anticorr_q0886_tau0.01,anticorr,9900045,4096,1,1.0000,1.0000,0.00000,330.772,330.772,330.772,62.492,228.223,1.874,38.183,604.25,512.0,2100.0
anticorr_q0886_tau0.01,anticorr,9900045,32768,1,1.0000,1.0000,0.00000,327.604,327.604,327.604,64.340,232.749,12.013,18.502,604.25,4096.0,2100.0
anticorr_q0886_tau0.03,anticorr,9900285,4096,1,1.0000,1.0000,0.00000,313.428,313.428,313.428,61.449,227.888,1.684,22.408,604.27,512.0,2100.0
anticorr_q0886_tau0.03,anticorr,9900285,32768,1,1.0000,1.0000,0.00000,308.838,308.838,308.838,62.700,230.394,11.830,3.915,604.27,4096.0,2100.0
anticorr_q0889_tau0,anticorr,9900002,4096,1,0.0000,0.0000,0.00005,324.312,324.312,324.312,62.651,228.263,1.923,31.475,604.25,512.0,2100.0
anticorr_q0889_tau0,anticorr,9900002,32768,1,0.1000,0.0000,0.00003,329.091,329.091,329.091,62.740,231.422,11.731,23.197,604.25,4096.0,2100.0
anticorr_q0889_tau0.01,anticorr,9900138,4096,1,0.8000,0.0000,0.00070,331.586,331.586,331.586,64.291,229.741,1.772,35.782,604.26,512.0,2100.0
anticorr_q0889_tau0.01,anticorr,9900138,32768,1,0.9000,0.0000,0.00003,321.275,321.275,321.275,62.973,231.292,12.334,14.677,604.26,4096.0,2100.0
anticorr_q0889_tau0.03,anticorr,9899382,4096,1,1.0000,1.0000,0.00000,322.374,322.374,322.374,62.983,228.685,1.711,28.995,604.21,512.0,2100.0
anticorr_q0889_tau0.03,anticorr,9899382,32768,1,1.0000,1.0000,0.00000,310.544,310.544,310.544,62.786,232.208,11.328,4.222,604.21,4096.0,2100.0
anticorr_q0893_tau0,anticorr,9900000,4096,1,0.1000,0.0000,0.00010,332.768,332.768,332.768,62.338,228.011,1.962,40.457,604.25,512.0,2100.0
anticorr_q0893_tau0,anticorr,9900000,32768,1,0.0000,0.0000,0.00007,332.736,332.736,332.736,63.485,234.554,12.126,22.570,604.25,4096.0,2100.0
anticorr_q0893_tau0.01,anticorr,9899771,4096,1,0.9000,0.0000,0.00012,326.858,326.858,326.858,63.080,228.973,1.952,32.852,604.23,512.0,2100.0
anticorr_q0893_tau0.01,anticorr,9899771,32768,1,1.0000,1.0000,0.00000,322.609,322.609,322.609,62.422,232.086,11.838,16.263,604.23,4096.0,2100.0
anticorr_q0893_tau0.03,anticorr,9899877,4096,1,1.0000,1.0000,0.00000,317.747,317.747,317.747,62.162,227.406,1.671,26.508,604.24,512.0,2100.0
anticorr_q0893_tau0.03,anticorr,9899877,32768,1,1.0000,1.0000,0.00000,310.563,310.563,310.563,64.133,231.444,11.565,3.421,604.24,4096.0,2100.0
anticorr_q0918_tau0,anticorr,9900000,4096,1,0.1000,0.0000,0.00007,330.166,330.166,330.166,61.401,232.500,1.965,34.300,604.25,512.0,2100.0
anticorr_q0918_tau0,anticorr,9900000,32768,1,0.2000,0.0000,0.00003,329.643,329.643,329.643,62.389,231.955,13.187,22.111,604.25,4096.0,2100.0
anticorr_q0918_tau0.01,anticorr,9900363,4096,1,0.3000,0.0000,0.00355,325.175,325.175,325.175,62.661,227.333,2.041,33.141,604.27,512.0,2100.0
anticorr_q0918_tau0.01,anticorr,9900363,32768,1,0.8000,0.0000,0.00109,319.544,319.544,319.544,62.936,231.490,11.756,13.362,604.27,4096.0,2100.0
anticorr_q0918_tau0.03,anticorr,9899758,4096,1,0.9000,0.0000,0.00030,314.639,314.639,314.639,62.217,227.679,1.929,22.814,604.23,512.0,2100.0
anticorr_q0918_tau0.03,anticorr,9899758,32768,1,1.0000,1.0000,0.00000,316.767,316.767,316.767,62.882,233.087,13.342,7.456,604.23,4096.0,2100.0
anticorr_q0922_tau0,anticorr,9900000,4096,1,0.0000,0.0000,0.00006,331.558,331.558,331.558,63.117,229.264,1.973,37.205,604.25,512.0,2100.0
anticorr_q0922_tau0,anticorr,9900000,32768,1,0.0000,0.0000,0.00006,336.033,336.033,336.033,62.758,230.545,11.999,30.731,604.25,4096.0,2100.0
anticorr_q0922_tau0.01,anticorr,9900170,4096,1,0.7000,0.0000,0.00193,333.661,333.661,333.661,62.697,227.319,1.932,41.714,604.26,512.0,2100.0
anticorr_q0922_tau0.01,anticorr,9900170,32768,1,0.9000,0.0000,0.00024,329.411,329.411,329.411,63.544,230.596,12.548,22.723,604.26,4096.0,2100.0
anticorr_q0922_tau0.03,anticorr,9900568,4096,1,1.0000,1.0000,0.00000,330.461,330.461,330.461,63.106,230.868,1.750,34.737,604.28,512.0,2100.0
anticorr_q0922_tau0.03,anticorr,9900568,32768,1,1.0000,1.0000,0.00000,317.655,317.655,317.655,64.830,229.721,12.241,10.864,604.28,4096.0,2100.0
anticorr_q0932_tau0,anticorr,9900000,4096,1,0.0000,0.0000,0.00004,349.180,349.180,349.180,61.955,242.030,1.992,43.204,604.25,512.0,2100.0
anticorr_q0932_tau0,anticorr,9900000,32768,1,0.0000,0.0000,0.00004,333.424,333.424,333.424,62.712,230.696,11.778,28.238,604.25,4096.0,2100.0
anticorr_q0932_tau0.01,anticorr,9900067,4096,1,0.7000,0.0000,0.00041,322.397,322.397,322.397,62.852,227.535,1.884,30.125,604.25,512.0,2100.0
anticorr_q0932_tau0.01,anticorr,9900067,32768,1,1.0000,1.0000,0.00000,320.120,320.120,320.120,62.035,232.505,12.186,13.394,604.25,4096.0,2100.0
anticorr_q0932_tau0.03,anticorr,9900145,4096,1,0.9000,0.0000,0.00012,314.734,314.734,314.734,63.527,229.279,1.713,20.215,604.26,512.0,2100.0
anticorr_q0932_tau0.03,anticorr,9900145,32768,1,1.0000,1.0000,0.00000,310.675,310.675,310.675,62.066,230.456,11.530,6.623,604.26,4096.0,2100.0
anticorr_q0950_tau0,anticorr,9900000,4096,1,0.0000,0.0000,0.00004,320.840,320.840,320.840,62.846,227.987,1.843,28.164,604.25,512.0,2100.0
anticorr_q0950_tau0,anticorr,9900000,32768,1,0.0000,0.0000,0.00004,326.884,326.884,326.884,64.190,231.289,11.659,19.745,604.25,4096.0,2100.0
anticorr_q0950_tau0.01,anticorr,9899997,4096,1,0.9000,0.0000,0.00004,319.017,319.017,319.017,62.376,229.870,1.901,24.869,604.25,512.0,2100.0
anticorr_q0950_tau0.01,anticorr,9899997,32768,1,1.0000,1.0000,0.00000,324.091,324.091,324.091,64.216,231.928,12.963,14.984,604.25,4096.0,2100.0
anticorr_q0950_tau0.03,anticorr,9899843,4096,1,1.0000,1.0000,0.00000,312.769,312.769,312.769,61.714,228.422,1.629,21.003,604.24,512.0,2100.0
anticorr_q0950_tau0.03,anticorr,9899843,32768,1,1.0000,1.0000,0.00000,310.651,310.651,310.651,62.910,232.188,12.290,3.263,604.24,4096.0,2100.0
anticorr_q0963_tau0,anticorr,9900001,4096,1,0.0000,0.0000,0.00007,329.706,329.706,329.706,63.902,228.205,1.870,35.730,604.25,512.0,2100.0
anticorr_q0963_tau0,anticorr,9900001,32768,1,0.1000,0.0000,0.00003,333.367,333.367,333.367,63.362,231.505,12.323,26.177,604.25,4096.0,2100.0
anticorr_q0963_tau0.01,anticorr,9899848,4096,1,0.5000,0.0000,0.00303,331.674,331.674,331.674,63.617,228.614,1.935,37.508,604.24,512.0,2100.0
anticorr_q0963_tau0.01,anticorr,9899848,32768,1,1.0000,1.0000,0.00000,326.085,326.085,326.085,62.469,230.862,11.944,20.811,604.24,4096.0,2100.0
anticorr_q0963_tau0.03,anticorr,9900698,4096,1,1.0000,1.0000,0.00000,320.932,320.932,320.932,62.519,228.449,1.957,28.007,604.29,512.0,2100.0
anticorr_q0963_tau0.03,anticorr,9900698,32768,1,1.0000,1.0000,0.00000,315.087,315.087,315.087,61.666,231.617,12.146,9.657,604.29,4096.0,2100.0
anticorr_q0964_tau0,anticorr,9900002,4096,1,0.0000,0.0000,0.00008,344.839,344.839,344.839,65.643,237.004,1.850,40.341,604.25,512.0,2100.0
anticorr_q0964_tau0,anticorr,9900002,32768,1,0.0000,0.0000,0.00005,354.273,354.273,354.273,65.399,246.279,13.416,29.178,604.25,4096.0,2100.0
anticorr_q0964_tau0.01,anticorr,9899817,4096,1,0.7000,0.0000,0.00129,345.420,345.420,345.420,63.879,233.484,1.769,46.288,604.24,512.0,2100.0
anticorr_q0964_tau0.01,anticorr,9899817,32768,1,1.0000,1.0000,0.00000,336.388,336.388,336.388,63.574,231.666,11.544,29.605,604.24,4096.0,2100.0
anticorr_q0964_tau0.03,anticorr,9900167,4096,1,1.0000,1.0000,0.00000,328.544,328.544,328.544,62.497,228.126,1.760,36.161,604.26,512.0,2100.0
anticorr_q0964_tau0.03,anticorr,9900167,32768,1,1.0000,1.0000,0.00000,320.190,320.190,320.190,61.830,231.326,12.228,14.806,604.26,4096.0,2100.0
anticorr_q0979_tau0,anticorr,9900000,4096,1,0.1000,0.0000,0.00007,327.539,327.539,327.539,64.392,229.788,2.031,31.328,604.25,512.0,2100.0
anticorr_q0979_tau0,anticorr,9900000,32768,1,0.0000,0.0000,0.00005,328.536,328.536,328.536,62.405,231.672,12.770,21.690,604.25,4096.0,2100.0
anticorr_q0979_tau0.01,anticorr,9899791,4096,1,0.7000,0.0000,0.00094,321.156,321.156,321.156,62.346,228.743,1.896,28.171,604.24,512.0,2100.0
anticorr_q0979_tau0.01,anticorr,9899791,32768,1,0.8000,0.0000,0.00073,324.084,324.084,324.084,61.862,232.265,12.363,17.594,604.24,4096.0,2100.0
anticorr_q0979_tau0.03,anticorr,9899513,4096,1,1.0000,1.0000,0.00000,316.486,316.486,316.486,61.711,228.988,1.907,23.880,604.22,512.0,2100.0
anticorr_q0979_tau0.03,anticorr,9899513,32768,1,1.0000,1.0000,0.00000,317.847,317.847,317.847,62.461,232.862,12.604,9.921,604.22,4096.0,2100.0
