filter,family,size,queries,recall_at_10,perfect_frac,p50_ms,p95_ms,p99_ms,allow_iter_p50_ms,stage1_p50_ms,stage2_p50_ms,stage3_p50_ms,stage1_mb_per_q,stage2_kb_per_q,stage3_kb_per_q
conj_topical100k_a_idlo,conjunction,54805,1000,0.9955,0.9620,3.627,7.368,16.954,0.232,2.166,0.827,0.317,3.35,512.0,2100.0
conj_topical1m_a_idlo,conjunction,531538,1000,0.9867,0.8950,29.846,42.684,57.504,4.393,21.068,1.425,2.608,32.44,512.0,2100.0
conj_topical1m_a_idmid,conjunction,238360,1000,0.9906,0.9230,15.445,17.074,18.827,2.161,11.286,1.166,0.741,14.55,512.0,2100.0
conj_topical2m_b_idlo,conjunction,175180,1000,0.9979,0.9820,8.282,16.025,33.805,1.259,5.391,0.883,0.564,10.69,512.0,2100.0
conj_topical400k_a_idhi,conjunction,205530,1000,0.9939,0.9490,17.462,33.294,50.007,2.143,12.060,1.304,1.624,12.54,512.0,2100.0
conj_topical5m_a_idlo,conjunction,911207,1000,0.9934,0.9450,39.661,58.888,76.494,6.296,25.971,1.266,5.326,55.62,512.0,2100.0
random_100k,random,100000,1000,0.9982,0.9840,13.438,35.758,51.141,0.422,8.822,1.246,2.983,6.10,512.0,2100.0
random_10k,random,10000,1000,0.9999,0.9990,1.840,5.076,24.198,0.044,0.547,0.786,0.326,0.61,512.0,2100.0
random_1m,random,1000000,1000,0.9952,0.9650,148.966,175.183,212.220,10.711,115.949,1.776,20.200,61.04,512.0,2100.0
random_2m,random,2000000,1000,0.9948,0.9540,227.190,240.086,244.621,16.305,189.792,1.775,18.629,122.07,512.0,2100.0
random_400k,random,400000,1000,0.9976,0.9780,67.569,83.414,88.971,6.575,49.899,1.565,9.269,24.41,512.0,2100.0
random_40k,random,40000,1000,0.9993,0.9930,4.382,14.664,27.574,0.173,2.490,0.893,0.764,2.44,512.0,2100.0
random_5m,random,5000000,1000,0.9965,0.9720,255.668,265.498,272.821,34.145,206.848,1.846,12.838,305.18,512.0,2100.0
topical_100k_a,topical,100006,1000,0.9945,0.9580,5.316,8.232,12.917,0.420,3.449,0.915,0.517,6.10,512.0,2100.0
topical_100k_b,topical,100000,1000,0.9917,0.9270,5.877,12.401,21.159,0.422,3.776,0.958,0.681,6.10,512.0,2100.0
topical_10k_a,topical,10002,1000,0.9989,0.9900,1.234,1.597,3.587,0.044,0.309,0.701,0.178,0.61,512.0,2100.0
topical_10k_b,topical,10001,1000,0.9996,0.9960,1.240,1.587,5.426,0.044,0.311,0.703,0.180,0.61,512.0,2100.0
topical_1m_a,topical,1000003,1000,0.9890,0.9120,58.198,65.035,68.283,8.635,43.378,1.506,4.523,61.04,512.0,2100.0
topical_1m_b,topical,1000013,1000,0.9910,0.9250,58.072,64.909,70.153,8.683,43.766,1.512,3.587,61.04,512.0,2100.0
topical_2m_a,topical,2000088,1000,0.9900,0.9200,105.185,113.686,118.370,16.140,80.162,1.634,6.802,122.08,512.0,2100.0
topical_2m_b,topical,2000000,1000,0.9938,0.9450,100.279,106.978,111.416,15.901,77.019,1.599,5.257,122.07,512.0,2100.0
topical_400k_a,topical,400020,1000,0.9935,0.9430,26.905,31.121,32.974,3.867,20.296,1.263,1.316,24.42,512.0,2100.0
topical_400k_b,topical,400001,1000,0.9941,0.9460,25.370,30.209,33.591,3.658,18.861,1.233,1.499,24.41,512.0,2100.0
topical_40k_a,topical,40006,1000,0.9951,0.9560,2.669,4.765,11.671,0.170,1.452,0.762,0.270,2.44,512.0,2100.0
topical_40k_b,topical,40004,1000,0.9972,0.9740,2.719,3.626,5.302,0.169,1.499,0.776,0.264,2.44,512.0,2100.0
topical_5m_a,topical,5000022,1000,0.9946,0.9530,190.409,196.331,202.280,33.722,149.793,1.760,5.017,305.18,512.0,2100.0
topical_5m_b,topical,5000010,1000,0.9944,0.9520,190.912,194.915,198.983,34.096,152.367,1.792,2.479,305.18,512.0,2100.0
anticorr_q0041_tau0,anticorr,9900000,1,0.0000,0.0000,321.056,321.056,321.056,61.794,230.862,2.018,26.381,604.25,512.0,2100.0
anticorr_q0041_tau0.01,anticorr,9900239,1,0.8000,0.0000,317.491,317.491,317.491,61.862,230.157,1.978,23.495,604.26,512.0,2100.0
anticorr_q0041_tau0.03,anticorr,9900507,1,1.0000,1.0000,298.672,298.672,298.672,65.916,228.755,1.740,2.260,604.28,512.0,2100.0
anticorr_q0059_tau0,anticorr,9900000,1,0.0000,0.0000,323.135,323.135,323.135,62.729,228.965,2.008,29.433,604.25,512.0,2100.0
anticorr_q0059_tau0.01,anticorr,9899959,1,0.8000,0.0000,313.764,313.764,313.764,62.157,229.128,1.995,20.484,604.25,512.0,2100.0
anticorr_q0059_tau0.03,anticorr,9899896,1,1.0000,1.0000,299.027,299.027,299.027,64.221,228.599,1.819,4.387,604.24,512.0,2100.0
anticorr_q0064_tau0,anticorr,9900000,1,0.0000,0.0000,315.054,315.054,315.054,63.110,229.028,2.057,20.859,604.25,512.0,2100.0
anticorr_q0064_tau0.01,anticorr,9900317,1,0.9000,0.0000,311.788,311.788,311.788,61.727,230.240,2.048,17.773,604.27,512.0,2100.0
anticorr_q0064_tau0.03,anticorr,9899835,1,1.0000,1.0000,295.841,295.841,295.841,62.576,229.783,1.891,1.591,604.24,512.0,2100.0
anticorr_q0073_tau0,anticorr,9900001,1,0.1000,0.0000,317.627,317.627,317.627,62.268,231.181,1.982,22.195,604.25,512.0,2100.0
anticorr_q0073_tau0.01,anticorr,9899943,1,0.9000,0.0000,315.534,315.534,315.534,62.005,231.191,1.965,20.374,604.24,512.0,2100.0
anticorr_q0073_tau0.03,anticorr,9899919,1,1.0000,1.0000,295.742,295.742,295.742,62.185,228.420,1.986,3.151,604.24,512.0,2100.0
anticorr_q0077_tau0,anticorr,9900000,1,0.0000,0.0000,319.398,319.398,319.398,61.950,229.092,2.134,26.222,604.25,512.0,2100.0
anticorr_q0077_tau0.01,anticorr,9899838,1,0.4000,0.0000,309.350,309.350,309.350,62.867,228.311,2.136,16.036,604.24,512.0,2100.0
anticorr_q0077_tau0.03,anticorr,9900809,1,1.0000,1.0000,309.714,309.714,309.714,62.675,241.434,2.025,3.580,604.30,512.0,2100.0
anticorr_q0080_tau0,anticorr,9900000,1,0.0000,0.0000,352.919,352.919,352.919,69.652,247.185,1.962,34.119,604.25,512.0,2100.0
anticorr_q0080_tau0.01,anticorr,9900207,1,0.9000,0.0000,331.713,331.713,331.713,64.649,240.584,1.888,24.592,604.26,512.0,2100.0
anticorr_q0080_tau0.03,anticorr,9899376,1,1.0000,1.0000,301.115,301.115,301.115,64.513,228.997,1.715,5.890,604.21,512.0,2100.0
anticorr_q0085_tau0,anticorr,9900000,1,0.0000,0.0000,323.809,323.809,323.809,63.818,229.921,2.078,27.992,604.25,512.0,2100.0
anticorr_q0085_tau0.01,anticorr,9899881,1,0.7000,0.0000,313.851,313.851,313.851,62.614,228.717,1.998,20.522,604.24,512.0,2100.0
anticorr_q0085_tau0.03,anticorr,9899588,1,1.0000,1.0000,298.043,298.043,298.043,62.606,228.778,1.904,4.755,604.22,512.0,2100.0
anticorr_q0095_tau0,anticorr,9900001,1,0.0000,0.0000,320.941,320.941,320.941,62.572,228.909,1.977,27.483,604.25,512.0,2100.0
anticorr_q0095_tau0.01,anticorr,9899707,1,0.6000,0.0000,309.611,309.611,309.611,62.634,229.927,1.868,15.182,604.23,512.0,2100.0
anticorr_q0095_tau0.03,anticorr,9899770,1,0.9000,0.0000,305.537,305.537,305.537,63.420,233.684,2.003,6.431,604.23,512.0,2100.0
anticorr_q0117_tau0,anticorr,9900000,1,0.1000,0.0000,320.861,320.861,320.861,62.980,228.702,1.985,27.194,604.25,512.0,2100.0
anticorr_q0117_tau0.01,anticorr,9900126,1,0.6000,0.0000,315.011,315.011,315.011,63.247,229.024,1.941,20.799,604.26,512.0,2100.0
anticorr_q0117_tau0.03,anticorr,9900642,1,1.0000,1.0000,297.237,297.237,297.237,63.114,228.449,1.766,3.908,604.29,512.0,2100.0
anticorr_q0126_tau0,anticorr,9900000,1,0.0000,0.0000,325.542,325.542,325.542,62.491,231.834,2.019,29.198,604.25,512.0,2100.0
anticorr_q0126_tau0.01,anticorr,9900093,1,0.9000,0.0000,314.614,314.614,314.614,63.523,229.108,1.976,20.007,604.25,512.0,2100.0
anticorr_q0126_tau0.03,anticorr,9900093,1,1.0000,1.0000,296.515,296.515,296.515,61.695,229.210,1.734,3.875,604.25,512.0,2100.0
anticorr_q0139_tau0,anticorr,9900000,1,0.0000,0.0000,316.633,316.633,316.633,62.434,233.798,1.971,18.430,604.25,512.0,2100.0
anticorr_q0139_tau0.01,anticorr,9900294,1,0.9000,0.0000,306.969,306.969,306.969,61.636,231.782,1.953,11.598,604.27,512.0,2100.0
anticorr_q0139_tau0.03,anticorr,9900438,1,1.0000,1.0000,296.975,296.975,296.975,63.043,230.039,1.759,2.134,604.27,512.0,2100.0
anticorr_q0147_tau0,anticorr,9900000,1,0.0000,0.0000,328.970,328.970,328.970,63.027,229.984,2.032,33.926,604.25,512.0,2100.0
anticorr_q0147_tau0.01,anticorr,9899755,1,0.9000,0.0000,326.438,326.438,326.438,62.925,229.254,1.996,32.263,604.23,512.0,2100.0
anticorr_q0147_tau0.03,anticorr,9900099,1,1.0000,1.0000,300.849,300.849,300.849,61.898,229.580,1.867,7.504,604.25,512.0,2100.0
anticorr_q0155_tau0,anticorr,9900000,1,0.0000,0.0000,311.126,311.126,311.126,62.868,230.064,1.950,16.243,604.25,512.0,2100.0
anticorr_q0155_tau0.01,anticorr,9900135,1,0.4000,0.0000,304.306,304.306,304.306,61.830,229.671,2.096,10.708,604.26,512.0,2100.0
anticorr_q0155_tau0.03,anticorr,9900011,1,0.6000,0.0000,296.759,296.759,296.759,61.732,229.255,1.951,3.821,604.25,512.0,2100.0
anticorr_q0157_tau0,anticorr,9900000,1,0.0000,0.0000,318.548,318.548,318.548,62.682,231.619,1.912,22.335,604.25,512.0,2100.0
anticorr_q0157_tau0.01,anticorr,9900280,1,0.9000,0.0000,314.883,314.883,314.883,63.007,229.260,1.923,20.693,604.27,512.0,2100.0
anticorr_q0157_tau0.03,anticorr,9899453,1,1.0000,1.0000,295.903,295.903,295.903,63.454,229.511,1.766,1.172,604.21,512.0,2100.0
anticorr_q0168_tau0,anticorr,9900000,1,0.0000,0.0000,316.993,316.993,316.993,62.967,228.133,1.918,23.975,604.25,512.0,2100.0
anticorr_q0168_tau0.01,anticorr,9900108,1,0.9000,0.0000,309.261,309.261,309.261,63.000,228.701,1.831,15.729,604.25,512.0,2100.0
anticorr_q0168_tau0.03,anticorr,9899404,1,1.0000,1.0000,296.862,296.862,296.862,62.745,229.443,1.597,3.076,604.21,512.0,2100.0
anticorr_q0183_tau0,anticorr,9900000,1,0.0000,0.0000,330.495,330.495,330.495,63.054,230.507,2.097,34.837,604.25,512.0,2100.0
anticorr_q0183_tau0.01,anticorr,9899334,1,0.4000,0.0000,325.820,325.820,325.820,63.397,231.803,1.991,28.629,604.21,512.0,2100.0
anticorr_q0183_tau0.03,anticorr,9900136,1,1.0000,1.0000,299.731,299.731,299.731,61.849,230.701,1.817,5.364,604.26,512.0,2100.0
anticorr_q0184_tau0,anticorr,9900002,1,0.0000,0.0000,322.429,322.429,322.429,61.691,230.396,2.053,28.288,604.25,512.0,2100.0
anticorr_q0184_tau0.01,anticorr,9899929,1,0.8000,0.0000,313.129,313.129,313.129,62.599,228.939,2.194,19.397,604.24,512.0,2100.0
anticorr_q0184_tau0.03,anticorr,9900225,1,1.0000,1.0000,297.346,297.346,297.346,61.689,230.748,1.792,3.116,604.26,512.0,2100.0
anticorr_q0185_tau0,anticorr,9900000,1,0.0000,0.0000,315.274,315.274,315.274,62.267,229.548,1.864,21.594,604.25,512.0,2100.0
anticorr_q0185_tau0.01,anticorr,9900267,1,0.7000,0.0000,303.606,303.606,303.606,63.113,229.146,1.897,9.450,604.26,512.0,2100.0
anticorr_q0185_tau0.03,anticorr,9900343,1,1.0000,1.0000,298.381,298.381,298.381,63.139,229.581,1.722,3.939,604.27,512.0,2100.0
anticorr_q0211_tau0,anticorr,9900000,1,0.0000,0.0000,318.139,318.139,318.139,62.954,231.340,2.043,21.802,604.25,512.0,2100.0
anticorr_q0211_tau0.01,anticorr,9899733,1,1.0000,1.0000,309.479,309.479,309.479,62.124,228.816,1.914,16.625,604.23,512.0,2100.0
anticorr_q0211_tau0.03,anticorr,9899761,1,1.0000,1.0000,297.434,297.434,297.434,62.497,229.057,1.777,4.102,604.23,512.0,2100.0
anticorr_q0221_tau0,anticorr,9900000,1,0.0000,0.0000,323.489,323.489,323.489,61.986,232.394,1.960,27.149,604.25,512.0,2100.0
anticorr_q0221_tau0.01,anticorr,9900215,1,0.7000,0.0000,314.671,314.671,314.671,63.481,229.373,1.920,19.896,604.26,512.0,2100.0
anticorr_q0221_tau0.03,anticorr,9900077,1,1.0000,1.0000,298.575,298.575,298.575,62.598,230.014,1.847,4.116,604.25,512.0,2100.0
anticorr_q0238_tau0,anticorr,9900000,1,0.1000,0.0000,312.570,312.570,312.570,62.979,229.041,1.940,18.610,604.25,512.0,2100.0
anticorr_q0238_tau0.01,anticorr,9899861,1,0.9000,0.0000,304.694,304.694,304.694,63.468,229.733,1.925,9.567,604.24,512.0,2100.0
anticorr_q0238_tau0.03,anticorr,9900075,1,1.0000,1.0000,296.684,296.684,296.684,62.532,228.322,1.767,4.063,604.25,512.0,2100.0
anticorr_q0259_tau0,anticorr,9900001,1,0.0000,0.0000,316.806,316.806,316.806,62.487,230.034,1.915,22.371,604.25,512.0,2100.0
anticorr_q0259_tau0.01,anticorr,9899695,1,0.3000,0.0000,308.396,308.396,308.396,62.197,228.468,1.905,15.826,604.23,512.0,2100.0
anticorr_q0259_tau0.03,anticorr,9900271,1,1.0000,1.0000,299.009,299.009,299.009,62.455,229.235,1.913,5.406,604.26,512.0,2100.0
anticorr_q0287_tau0,anticorr,9900000,1,0.0000,0.0000,313.853,313.853,313.853,62.690,229.904,2.039,19.221,604.25,512.0,2100.0
anticorr_q0287_tau0.01,anticorr,9899924,1,0.4000,0.0000,306.817,306.817,306.817,61.866,231.900,1.954,11.097,604.24,512.0,2100.0
anticorr_q0287_tau0.03,anticorr,9900818,1,1.0000,1.0000,299.437,299.437,299.437,63.312,231.430,1.940,2.756,604.30,512.0,2100.0
anticorr_q0308_tau0,anticorr,9900000,1,0.0000,0.0000,337.111,337.111,337.111,62.447,228.426,1.864,44.373,604.25,512.0,2100.0
anticorr_q0308_tau0.01,anticorr,9900426,1,0.8000,0.0000,382.966,382.966,382.966,63.115,291.220,1.983,26.648,604.27,512.0,2100.0
anticorr_q0308_tau0.03,anticorr,9899801,1,1.0000,1.0000,298.813,298.813,298.813,63.152,231.915,1.822,1.924,604.24,512.0,2100.0
anticorr_q0314_tau0,anticorr,9900000,1,0.0000,0.0000,314.666,314.666,314.666,62.626,229.325,1.986,20.728,604.25,512.0,2100.0
anticorr_q0314_tau0.01,anticorr,9900146,1,0.8000,0.0000,313.593,313.593,313.593,63.679,230.668,1.933,17.313,604.26,512.0,2100.0
anticorr_q0314_tau0.03,anticorr,9899754,1,1.0000,1.0000,302.254,302.254,302.254,62.050,230.436,1.818,7.950,604.23,512.0,2100.0
anticorr_q0322_tau0,anticorr,9900000,1,0.0000,0.0000,324.685,324.685,324.685,62.282,230.628,1.936,29.838,604.25,512.0,2100.0
anticorr_q0322_tau0.01,anticorr,9900109,1,0.8000,0.0000,316.962,316.962,316.962,62.576,230.014,2.005,22.367,604.25,512.0,2100.0
anticorr_q0322_tau0.03,anticorr,9899480,1,1.0000,1.0000,296.680,296.680,296.680,62.855,229.516,1.718,2.590,604.22,512.0,2100.0
anticorr_q0334_tau0,anticorr,9900002,1,0.0000,0.0000,313.001,313.001,313.001,63.853,229.368,1.854,17.926,604.25,512.0,2100.0
anticorr_q0334_tau0.01,anticorr,9899707,1,0.9000,0.0000,311.011,311.011,311.011,63.054,231.754,2.108,14.095,604.23,512.0,2100.0
anticorr_q0334_tau0.03,anticorr,9900192,1,1.0000,1.0000,300.995,300.995,300.995,63.155,233.170,1.833,2.837,604.26,512.0,2100.0
anticorr_q0341_tau0,anticorr,9900000,1,0.1000,0.0000,322.196,322.196,322.196,62.776,229.675,1.800,27.945,604.25,512.0,2100.0
anticorr_q0341_tau0.01,anticorr,9899869,1,0.9000,0.0000,318.105,318.105,318.105,62.223,230.633,1.674,23.575,604.24,512.0,2100.0
anticorr_q0341_tau0.03,anticorr,9899690,1,1.0000,1.0000,300.074,300.074,300.074,62.671,229.761,1.649,5.993,604.23,512.0,2100.0
anticorr_q0346_tau0,anticorr,9900000,1,0.0000,0.0000,324.608,324.608,324.608,62.484,229.698,2.238,30.188,604.25,512.0,2100.0
anticorr_q0346_tau0.01,anticorr,9899780,1,1.0000,1.0000,311.640,311.640,311.640,62.681,229.152,1.937,17.871,604.23,512.0,2100.0
anticorr_q0346_tau0.03,anticorr,9900235,1,1.0000,1.0000,295.327,295.327,295.327,62.519,229.103,1.760,1.946,604.26,512.0,2100.0
anticorr_q0353_tau0,anticorr,9900001,1,0.0000,0.0000,313.373,313.373,313.373,63.178,229.093,1.896,19.206,604.25,512.0,2100.0
anticorr_q0353_tau0.01,anticorr,9900048,1,0.7000,0.0000,309.468,309.468,309.468,63.956,230.361,2.016,13.136,604.25,512.0,2100.0
anticorr_q0353_tau0.03,anticorr,9900443,1,1.0000,1.0000,306.183,306.183,306.183,63.960,231.514,1.990,8.719,604.28,512.0,2100.0
anticorr_q0358_tau0,anticorr,9900001,1,0.1000,0.0000,324.921,324.921,324.921,63.877,228.935,1.904,30.205,604.25,512.0,2100.0
anticorr_q0358_tau0.01,anticorr,9900242,1,0.9000,0.0000,319.315,319.315,319.315,63.136,229.200,1.891,25.088,604.26,512.0,2100.0
anticorr_q0358_tau0.03,anticorr,9900623,1,1.0000,1.0000,303.763,303.763,303.763,63.368,230.582,1.832,7.980,604.29,512.0,2100.0
anticorr_q0373_tau0,anticorr,9900000,1,0.0000,0.0000,311.372,311.372,311.372,63.546,230.918,1.926,14.983,604.25,512.0,2100.0
anticorr_q0373_tau0.01,anticorr,9900210,1,0.9000,0.0000,302.032,302.032,302.032,62.807,229.438,1.872,7.915,604.26,512.0,2100.0
anticorr_q0373_tau0.03,anticorr,9899584,1,1.0000,1.0000,296.939,296.939,296.939,62.276,229.704,1.686,3.273,604.22,512.0,2100.0
anticorr_q0385_tau0,anticorr,9900000,1,0.1000,0.0000,316.091,316.091,316.091,62.559,229.918,1.963,21.651,604.25,512.0,2100.0
anticorr_q0385_tau0.01,anticorr,9899701,1,1.0000,1.0000,306.201,306.201,306.201,62.423,230.379,1.847,11.552,604.23,512.0,2100.0
anticorr_q0385_tau0.03,anticorr,9899845,1,1.0000,1.0000,297.432,297.432,297.432,63.425,228.660,1.610,3.737,604.24,512.0,2100.0
anticorr_q0391_tau0,anticorr,9900000,1,0.1000,0.0000,317.411,317.411,317.411,62.602,231.023,1.914,21.871,604.25,512.0,2100.0
anticorr_q0391_tau0.01,anticorr,9899967,1,0.7000,0.0000,305.079,305.079,305.079,62.234,229.356,1.946,11.543,604.25,512.0,2100.0
anticorr_q0391_tau0.03,anticorr,9900091,1,0.9000,0.0000,297.602,297.602,297.602,62.354,230.538,1.896,2.815,604.25,512.0,2100.0
anticorr_q0396_tau0,anticorr,9900000,1,0.0000,0.0000,324.786,324.786,324.786,62.949,230.760,1.926,29.150,604.25,512.0,2100.0
anticorr_q0396_tau0.01,anticorr,9899890,1,0.6000,0.0000,316.448,316.448,316.448,63.068,232.573,2.050,18.756,604.24,512.0,2100.0
anticorr_q0396_tau0.03,anticorr,9899840,1,1.0000,1.0000,297.826,297.826,297.826,62.563,230.413,1.798,3.052,604.24,512.0,2100.0
anticorr_q0412_tau0,anticorr,9900000,1,0.0000,0.0000,324.654,324.654,324.654,62.520,228.817,2.033,31.284,604.25,512.0,2100.0
anticorr_q0412_tau0.01,anticorr,9900222,1,0.7000,0.0000,319.603,319.603,319.603,62.800,230.222,1.924,24.657,604.26,512.0,2100.0
anticorr_q0412_tau0.03,anticorr,9899948,1,1.0000,1.0000,296.350,296.350,296.350,62.608,229.338,1.746,2.659,604.24,512.0,2100.0
anticorr_q0414_tau0,anticorr,9900000,1,0.0000,0.0000,313.918,313.918,313.918,62.429,229.725,1.984,19.780,604.25,512.0,2100.0
anticorr_q0414_tau0.01,anticorr,9900396,1,0.6000,0.0000,304.311,304.311,304.311,62.437,229.430,1.884,10.561,604.27,512.0,2100.0
anticorr_q0414_tau0.03,anticorr,9900031,1,1.0000,1.0000,304.375,304.375,304.375,63.730,231.011,2.071,7.563,604.25,512.0,2100.0
anticorr_q0419_tau0,anticorr,9900000,1,0.0000,0.0000,317.021,317.021,317.021,63.355,229.699,1.901,22.065,604.25,512.0,2100.0
anticorr_q0419_tau0.01,anticorr,9900019,1,0.6000,0.0000,309.873,309.873,309.873,62.246,230.828,2.005,14.794,604.25,512.0,2100.0
anticorr_q0419_tau0.03,anticorr,9899605,1,0.9000,0.0000,311.494,311.494,311.494,66.544,237.973,1.849,5.127,604.22,512.0,2100.0
anticorr_q0422_tau0,anticorr,9900000,1,0.0000,0.0000,334.192,334.192,334.192,64.900,236.963,1.881,30.449,604.25,512.0,2100.0
anticorr_q0422_tau0.01,anticorr,9899839,1,0.9000,0.0000,357.930,357.930,357.930,66.657,268.013,1.971,21.289,604.24,512.0,2100.0
anticorr_q0422_tau0.03,anticorr,9899461,1,1.0000,1.0000,300.504,300.504,300.504,62.767,229.037,1.912,6.788,604.22,512.0,2100.0
anticorr_q0429_tau0,anticorr,9900001,1,0.0000,0.0000,319.012,319.012,319.012,62.423,229.727,1.873,24.989,604.25,512.0,2100.0
anticorr_q0429_tau0.01,anticorr,9899982,1,0.8000,0.0000,307.959,307.959,307.959,62.139,230.258,1.659,13.902,604.25,512.0,2100.0
anticorr_q0429_tau0.03,anticorr,9899401,1,1.0000,1.0000,295.837,295.837,295.837,62.924,229.602,1.356,1.954,604.21,512.0,2100.0
anticorr_q0431_tau0,anticorr,9900000,1,0.1000,0.0000,320.986,320.986,320.986,62.735,230.821,1.893,25.537,604.25,512.0,2100.0
anticorr_q0431_tau0.01,anticorr,9900076,1,0.9000,0.0000,306.796,306.796,306.796,62.788,229.709,1.955,12.345,604.25,512.0,2100.0
anticorr_q0431_tau0.03,anticorr,9899635,1,1.0000,1.0000,296.939,296.939,296.939,62.420,229.835,1.976,2.708,604.23,512.0,2100.0
anticorr_q0445_tau0,anticorr,9900000,1,0.0000,0.0000,313.501,313.501,313.501,63.123,229.835,1.901,18.642,604.25,512.0,2100.0
anticorr_q0445_tau0.01,anticorr,9899705,1,0.5000,0.0000,304.089,304.089,304.089,62.997,229.227,1.885,9.980,604.23,512.0,2100.0
anticorr_q0445_tau0.03,anticorr,9900310,1,1.0000,1.0000,296.887,296.887,296.887,62.145,230.731,1.948,2.063,604.27,512.0,2100.0
anticorr_q0450_tau0,anticorr,9900000,1,0.0000,0.0000,318.186,318.186,318.186,62.944,228.700,2.026,24.516,604.25,512.0,2100.0
anticorr_q0450_tau0.01,anticorr,9900197,1,0.7000,0.0000,315.812,315.812,315.812,62.809,231.165,1.936,19.902,604.26,512.0,2100.0
anticorr_q0450_tau0.03,anticorr,9899478,1,1.0000,1.0000,299.332,299.332,299.332,63.467,230.455,1.980,3.430,604.22,512.0,2100.0
anticorr_q0455_tau0,anticorr,9900000,1,0.0000,0.0000,322.006,322.006,322.006,63.911,228.934,1.924,27.236,604.25,512.0,2100.0
anticorr_q0455_tau0.01,anticorr,9900370,1,0.8000,0.0000,310.650,310.650,310.650,63.777,228.645,1.953,16.276,604.27,512.0,2100.0
anticorr_q0455_tau0.03,anticorr,9899873,1,1.0000,1.0000,295.052,295.052,295.052,61.946,228.752,1.662,2.691,604.24,512.0,2100.0
anticorr_q0460_tau0,anticorr,9900000,1,0.0000,0.0000,313.128,313.128,313.128,63.363,229.268,2.139,18.358,604.25,512.0,2100.0
anticorr_q0460_tau0.01,anticorr,9900256,1,0.7000,0.0000,308.229,308.229,308.229,63.245,231.045,1.862,12.077,604.26,512.0,2100.0
anticorr_q0460_tau0.03,anticorr,9900503,1,1.0000,1.0000,298.170,298.170,298.170,63.645,229.359,1.775,3.391,604.28,512.0,2100.0
anticorr_q0464_tau0,anticorr,9900000,1,0.0000,0.0000,315.672,315.672,315.672,62.641,229.458,1.940,21.633,604.25,512.0,2100.0
anticorr_q0464_tau0.01,anticorr,9900480,1,0.9000,0.0000,310.710,310.710,310.710,63.544,230.907,1.881,14.378,604.28,512.0,2100.0
anticorr_q0464_tau0.03,anticorr,9899875,1,1.0000,1.0000,300.008,300.008,300.008,64.404,230.142,1.735,3.727,604.24,512.0,2100.0
anticorr_q0470_tau0,anticorr,9900000,1,0.0000,0.0000,313.051,313.051,313.051,62.033,229.879,1.876,19.263,604.25,512.0,2100.0
anticorr_q0470_tau0.01,anticorr,9899943,1,0.7000,0.0000,307.318,307.318,307.318,61.837,230.011,1.889,13.581,604.24,512.0,2100.0
anticorr_q0470_tau0.03,anticorr,9899584,1,1.0000,1.0000,297.958,297.958,297.958,62.683,230.865,1.843,2.567,604.22,512.0,2100.0
anticorr_q0475_tau0,anticorr,9900000,1,0.0000,0.0000,319.012,319.012,319.012,63.180,231.826,1.844,22.162,604.25,512.0,2100.0
anticorr_q0475_tau0.01,anticorr,9899930,1,1.0000,1.0000,316.207,316.207,316.207,63.572,228.632,1.843,22.160,604.24,512.0,2100.0
anticorr_q0475_tau0.03,anticorr,9900115,1,1.0000,1.0000,296.645,296.645,296.645,62.939,228.747,1.493,3.466,604.26,512.0,2100.0
anticorr_q0479_tau0,anticorr,9900000,1,0.0000,0.0000,310.876,310.876,310.876,62.543,229.179,1.986,17.169,604.25,512.0,2100.0
anticorr_q0479_tau0.01,anticorr,9900207,1,0.6000,0.0000,306.559,306.559,306.559,63.025,230.251,1.992,11.292,604.26,512.0,2100.0
anticorr_q0479_tau0.03,anticorr,9899501,1,1.0000,1.0000,298.042,298.042,298.042,62.914,230.293,1.890,2.945,604.22,512.0,2100.0
anticorr_q0506_tau0,anticorr,9900000,1,0.0000,0.0000,322.308,322.308,322.308,63.126,228.702,1.896,28.584,604.25,512.0,2100.0
anticorr_q0506_tau0.01,anticorr,9899733,1,0.8000,0.0000,314.878,314.878,314.878,62.619,228.419,1.939,21.900,604.23,512.0,2100.0
anticorr_q0506_tau0.03,anticorr,9899983,1,1.0000,1.0000,301.831,301.831,301.831,62.957,230.736,1.886,6.252,604.25,512.0,2100.0
anticorr_q0517_tau0,anticorr,9900000,1,0.0000,0.0000,316.237,316.237,316.237,62.907,230.083,1.903,21.344,604.25,512.0,2100.0
anticorr_q0517_tau0.01,anticorr,9900123,1,0.6000,0.0000,307.595,307.595,307.595,62.783,228.095,1.976,14.741,604.26,512.0,2100.0
anticorr_q0517_tau0.03,anticorr,9899832,1,1.0000,1.0000,299.564,299.564,299.564,62.688,229.036,1.800,6.039,604.24,512.0,2100.0
anticorr_q0523_tau0,anticorr,9900000,1,0.0000,0.0000,317.784,317.784,317.784,62.641,228.923,1.890,24.330,604.25,512.0,2100.0
anticorr_q0523_tau0.01,anticorr,9899484,1,1.0000,1.0000,325.062,325.062,325.062,62.890,232.331,1.990,27.852,604.22,512.0,2100.0
anticorr_q0523_tau0.03,anticorr,9899888,1,1.0000,1.0000,361.126,361.126,361.126,69.680,287.766,1.691,1.991,604.24,512.0,2100.0
anticorr_q0552_tau0,anticorr,9900001,1,0.1000,0.0000,377.077,377.077,377.077,72.224,278.817,2.051,23.985,604.25,512.0,2100.0
anticorr_q0552_tau0.01,anticorr,9899888,1,0.8000,0.0000,410.517,410.517,410.517,72.441,321.868,1.998,14.211,604.24,512.0,2100.0
anticorr_q0552_tau0.03,anticorr,9899649,1,1.0000,1.0000,360.078,360.078,360.078,86.423,266.730,1.892,5.033,604.23,512.0,2100.0
anticorr_q0591_tau0,anticorr,9900000,1,0.0000,0.0000,380.534,380.534,380.534,80.426,272.580,2.088,25.440,604.25,512.0,2100.0
anticorr_q0591_tau0.01,anticorr,9900154,1,0.7000,0.0000,344.101,344.101,344.101,66.039,258.534,2.008,17.520,604.26,512.0,2100.0
anticorr_q0591_tau0.03,anticorr,9900140,1,1.0000,1.0000,393.255,393.255,393.255,79.319,306.266,1.795,5.875,604.26,512.0,2100.0
anticorr_q0593_tau0,anticorr,9900000,1,0.1000,0.0000,397.669,397.669,397.669,66.739,312.466,1.978,16.485,604.25,512.0,2100.0
anticorr_q0593_tau0.01,anticorr,9900414,1,0.8000,0.0000,383.508,383.508,383.508,77.428,291.952,1.804,12.324,604.27,512.0,2100.0
anticorr_q0593_tau0.03,anticorr,9900005,1,1.0000,1.0000,405.307,405.307,405.307,87.725,312.281,1.779,3.523,604.25,512.0,2100.0
anticorr_q0596_tau0,anticorr,9900000,1,0.0000,0.0000,366.506,366.506,366.506,77.086,268.850,1.856,18.713,604.25,512.0,2100.0
anticorr_q0596_tau0.01,anticorr,9900518,1,0.8000,0.0000,367.227,367.227,367.227,95.102,256.942,1.965,13.217,604.28,512.0,2100.0
anticorr_q0596_tau0.03,anticorr,9900472,1,1.0000,1.0000,381.328,381.328,381.328,70.111,304.851,1.986,4.381,604.28,512.0,2100.0
anticorr_q0620_tau0,anticorr,9900002,1,0.0000,0.0000,481.115,481.115,481.115,75.387,360.972,2.030,42.725,604.25,512.0,2100.0
anticorr_q0620_tau0.01,anticorr,9899856,1,0.8000,0.0000,363.347,363.347,363.347,74.151,265.787,1.914,21.494,604.24,512.0,2100.0
anticorr_q0620_tau0.03,anticorr,9899741,1,1.0000,1.0000,381.128,381.128,381.128,68.678,305.030,1.840,5.580,604.23,512.0,2100.0
anticorr_q0633_tau0,anticorr,9900000,1,0.0000,0.0000,359.981,359.981,359.981,83.562,252.655,1.953,21.810,604.25,512.0,2100.0
anticorr_q0633_tau0.01,anticorr,9899936,1,0.7000,0.0000,364.183,364.183,364.183,67.592,280.769,1.922,13.900,604.24,512.0,2100.0
anticorr_q0633_tau0.03,anticorr,9899322,1,1.0000,1.0000,362.195,362.195,362.195,73.004,282.354,1.869,4.967,604.21,512.0,2100.0
anticorr_q0636_tau0,anticorr,9900000,1,0.0000,0.0000,387.006,387.006,387.006,73.702,275.324,2.029,35.950,604.25,512.0,2100.0
anticorr_q0636_tau0.01,anticorr,9900445,1,0.8000,0.0000,404.630,404.630,404.630,92.373,287.115,1.980,23.162,604.28,512.0,2100.0
anticorr_q0636_tau0.03,anticorr,9900840,1,1.0000,1.0000,395.288,395.288,395.288,74.901,312.292,1.805,6.290,604.30,512.0,2100.0
anticorr_q0643_tau0,anticorr,9900000,1,0.0000,0.0000,430.577,430.577,430.577,93.134,309.408,1.938,26.096,604.25,512.0,2100.0
anticorr_q0643_tau0.01,anticorr,9899589,1,0.6000,0.0000,368.181,368.181,368.181,79.919,267.095,2.076,19.092,604.22,512.0,2100.0
anticorr_q0643_tau0.03,anticorr,9899489,1,1.0000,1.0000,345.125,345.125,345.125,70.626,259.868,1.844,12.787,604.22,512.0,2100.0
anticorr_q0655_tau0,anticorr,9900000,1,0.0000,0.0000,385.614,385.614,385.614,72.949,279.871,2.114,30.680,604.25,512.0,2100.0
anticorr_q0655_tau0.01,anticorr,9899936,1,0.9000,0.0000,405.706,405.706,405.706,90.072,285.563,1.981,28.090,604.24,512.0,2100.0
anticorr_q0655_tau0.03,anticorr,9900416,1,1.0000,1.0000,390.728,390.728,390.728,65.775,308.556,1.823,14.574,604.27,512.0,2100.0
anticorr_q0656_tau0,anticorr,9900001,1,0.1000,0.0000,388.857,388.857,388.857,80.005,278.925,2.040,27.887,604.25,512.0,2100.0
anticorr_q0656_tau0.01,anticorr,9899725,1,0.8000,0.0000,403.380,403.380,403.380,68.442,313.979,1.953,19.006,604.23,512.0,2100.0
anticorr_q0656_tau0.03,anticorr,9900557,1,1.0000,1.0000,398.665,398.665,398.665,68.216,313.289,1.898,15.263,604.28,512.0,2100.0
anticorr_q0660_tau0,anticorr,9900000,1,0.0000,0.0000,444.815,444.815,444.815,91.280,322.938,1.988,28.609,604.25,512.0,2100.0
anticorr_q0660_tau0.01,anticorr,9899848,1,0.6000,0.0000,422.693,422.693,422.693,72.832,319.714,2.227,27.921,604.24,512.0,2100.0
anticorr_q0660_tau0.03,anticorr,9899835,1,0.9000,0.0000,376.032,376.032,376.032,81.146,282.210,1.859,10.818,604.24,512.0,2100.0
anticorr_q0669_tau0,anticorr,9900000,1,0.0000,0.0000,430.759,430.759,430.759,79.032,323.585,2.236,25.905,604.25,512.0,2100.0
anticorr_q0669_tau0.01,anticorr,9900129,1,0.9000,0.0000,402.239,402.239,402.239,82.446,285.235,2.094,32.464,604.26,512.0,2100.0
anticorr_q0669_tau0.03,anticorr,9900060,1,1.0000,1.0000,392.407,392.407,392.407,87.997,285.232,1.950,17.229,604.25,512.0,2100.0
anticorr_q0671_tau0,anticorr,9900000,1,0.0000,0.0000,420.393,420.393,420.393,72.215,322.367,2.064,23.746,604.25,512.0,2100.0
anticorr_q0671_tau0.01,anticorr,9899767,1,0.5000,0.0000,421.107,421.107,421.107,75.510,319.393,1.916,24.289,604.23,512.0,2100.0
anticorr_q0671_tau0.03,anticorr,9900017,1,1.0000,1.0000,367.168,367.168,367.168,74.416,275.014,1.754,15.985,604.25,512.0,2100.0
anticorr_q0681_tau0,anticorr,9900000,1,0.0000,0.0000,414.392,414.392,414.392,67.383,316.764,1.873,28.372,604.25,512.0,2100.0
anticorr_q0681_tau0.01,anticorr,9900094,1,0.5000,0.0000,461.833,461.833,461.833,71.059,361.603,2.038,27.133,604.25,512.0,2100.0
anticorr_q0681_tau0.03,anticorr,9899861,1,1.0000,1.0000,439.090,439.090,439.090,75.961,340.665,1.692,20.772,604.24,512.0,2100.0
anticorr_q0690_tau0,anticorr,9900001,1,0.0000,0.0000,381.917,381.917,381.917,73.734,277.463,2.014,28.707,604.25,512.0,2100.0
anticorr_q0690_tau0.01,anticorr,9899876,1,0.8000,0.0000,393.173,393.173,393.173,68.816,295.680,2.048,26.628,604.24,512.0,2100.0
anticorr_q0690_tau0.03,anticorr,9899901,1,1.0000,1.0000,376.895,376.895,376.895,81.696,265.391,1.748,28.059,604.24,512.0,2100.0
anticorr_q0695_tau0,anticorr,9900000,1,0.0000,0.0000,419.425,419.425,419.425,77.334,311.748,1.943,28.400,604.25,512.0,2100.0
anticorr_q0695_tau0.01,anticorr,9899936,1,1.0000,1.0000,398.579,398.579,398.579,77.004,294.236,2.003,25.336,604.24,512.0,2100.0
anticorr_q0695_tau0.03,anticorr,9899734,1,1.0000,1.0000,379.198,379.198,379.198,70.539,285.127,1.814,21.719,604.23,512.0,2100.0
anticorr_q0698_tau0,anticorr,9900001,1,0.0000,0.0000,409.093,409.093,409.093,75.790,304.509,2.189,26.606,604.25,512.0,2100.0
anticorr_q0698_tau0.01,anticorr,9899936,1,0.8000,0.0000,403.095,403.095,403.095,80.285,293.954,2.254,26.603,604.24,512.0,2100.0
anticorr_q0698_tau0.03,anticorr,9900691,1,1.0000,1.0000,431.878,431.878,431.878,77.067,337.660,1.998,15.154,604.29,512.0,2100.0
anticorr_q0712_tau0,anticorr,9900000,1,0.0000,0.0000,483.525,483.525,483.525,80.737,373.391,2.004,27.393,604.25,512.0,2100.0
anticorr_q0712_tau0.01,anticorr,9899910,1,0.5000,0.0000,378.896,378.896,378.896,74.348,272.719,2.055,29.774,604.24,512.0,2100.0
anticorr_q0712_tau0.03,anticorr,9900215,1,0.9000,0.0000,355.723,355.723,355.723,70.735,258.961,1.963,24.063,604.26,512.0,2100.0
anticorr_q0714_tau0,anticorr,9900000,1,0.0000,0.0000,420.402,420.402,420.402,90.299,296.735,2.032,31.336,604.25,512.0,2100.0
anticorr_q0714_tau0.01,anticorr,9900125,1,0.6000,0.0000,369.222,369.222,369.222,68.927,269.365,1.972,28.958,604.26,512.0,2100.0
anticorr_q0714_tau0.03,anticorr,9899674,1,1.0000,1.0000,402.503,402.503,402.503,78.999,296.820,1.936,24.747,604.23,512.0,2100.0
anticorr_q0716_tau0,anticorr,9900000,1,0.1000,0.0000,404.976,404.976,404.976,79.257,295.248,2.013,28.457,604.25,512.0,2100.0
anticorr_q0716_tau0.01,anticorr,9900123,1,0.9000,0.0000,426.613,426.613,426.613,74.263,320.994,2.104,29.251,604.26,512.0,2100.0
anticorr_q0716_tau0.03,anticorr,9899962,1,1.0000,1.0000,393.810,393.810,393.810,75.282,287.283,1.940,29.303,604.25,512.0,2100.0
anticorr_q0720_tau0,anticorr,9900000,1,0.1000,0.0000,435.638,435.638,435.638,84.320,316.643,1.927,32.748,604.25,512.0,2100.0
anticorr_q0720_tau0.01,anticorr,9899905,1,0.4000,0.0000,435.342,435.342,435.342,72.843,330.140,2.042,30.317,604.24,512.0,2100.0
anticorr_q0720_tau0.03,anticorr,9900468,1,1.0000,1.0000,386.243,386.243,386.243,67.405,286.260,1.896,30.682,604.28,512.0,2100.0
anticorr_q0722_tau0,anticorr,9900000,1,0.0000,0.0000,424.257,424.257,424.257,71.578,321.800,1.871,29.008,604.25,512.0,2100.0
anticorr_q0722_tau0.01,anticorr,9899927,1,0.7000,0.0000,422.945,422.945,422.945,82.244,306.456,1.907,32.337,604.24,512.0,2100.0
anticorr_q0722_tau0.03,anticorr,9899753,1,1.0000,1.0000,448.769,448.769,448.769,76.062,350.056,1.661,20.990,604.23,512.0,2100.0
anticorr_q0739_tau0,anticorr,9900000,1,0.0000,0.0000,418.094,418.094,418.094,88.570,294.430,2.025,33.069,604.25,512.0,2100.0
anticorr_q0739_tau0.01,anticorr,9900332,1,0.8000,0.0000,416.645,416.645,416.645,75.871,306.617,2.059,32.098,604.27,512.0,2100.0
anticorr_q0739_tau0.03,anticorr,9899894,1,1.0000,1.0000,415.104,415.104,415.104,71.005,315.372,1.686,27.041,604.24,512.0,2100.0
anticorr_q0759_tau0,anticorr,9900000,1,0.0000,0.0000,419.153,419.153,419.153,67.190,322.522,2.075,27.367,604.25,512.0,2100.0
anticorr_q0759_tau0.01,anticorr,9900237,1,0.9000,0.0000,449.290,449.290,449.290,71.782,335.232,2.189,40.087,604.26,512.0,2100.0
anticorr_q0759_tau0.03,anticorr,9899764,1,1.0000,1.0000,410.984,410.984,410.984,77.286,302.058,1.949,29.691,604.23,512.0,2100.0
anticorr_q0763_tau0,anticorr,9900001,1,0.0000,0.0000,420.877,420.877,420.877,95.512,293.265,1.907,30.194,604.25,512.0,2100.0
anticorr_q0763_tau0.01,anticorr,9899825,1,0.8000,0.0000,361.664,361.664,361.664,68.881,257.478,2.096,33.210,604.24,512.0,2100.0
anticorr_q0763_tau0.03,anticorr,9899690,1,1.0000,1.0000,401.463,401.463,401.463,76.044,292.335,1.930,31.154,604.23,512.0,2100.0
anticorr_q0771_tau0,anticorr,9900000,1,0.1000,0.0000,425.080,425.080,425.080,70.826,322.394,2.016,29.844,604.25,512.0,2100.0
anticorr_q0771_tau0.01,anticorr,9900307,1,1.0000,1.0000,411.172,411.172,411.172,74.414,305.165,2.003,29.590,604.27,512.0,2100.0
anticorr_q0771_tau0.03,anticorr,9899838,1,1.0000,1.0000,388.520,388.520,388.520,70.414,280.312,1.724,36.069,604.24,512.0,2100.0
anticorr_q0772_tau0,anticorr,9900000,1,0.0000,0.0000,396.690,396.690,396.690,76.082,285.698,1.929,32.982,604.25,512.0,2100.0
anticorr_q0772_tau0.01,anticorr,9899747,1,0.5000,0.0000,408.594,408.594,408.594,85.035,283.659,2.061,37.840,604.23,512.0,2100.0
anticorr_q0772_tau0.03,anticorr,9900116,1,1.0000,1.0000,414.921,414.921,414.921,85.900,294.565,1.876,32.580,604.26,512.0,2100.0
anticorr_q0776_tau0,anticorr,9900000,1,0.1000,0.0000,419.933,419.933,419.933,77.769,305.481,2.079,34.604,604.25,512.0,2100.0
anticorr_q0776_tau0.01,anticorr,9899647,1,0.7000,0.0000,395.094,395.094,395.094,74.042,278.985,2.002,40.065,604.23,512.0,2100.0
anticorr_q0776_tau0.03,anticorr,9899743,1,1.0000,1.0000,417.358,417.358,417.358,73.843,305.701,1.826,35.987,604.23,512.0,2100.0
anticorr_q0777_tau0,anticorr,9900001,1,0.0000,0.0000,377.281,377.281,377.281,72.156,271.107,1.925,32.093,604.25,512.0,2100.0
anticorr_q0777_tau0.01,anticorr,9899827,1,0.7000,0.0000,397.274,397.274,397.274,67.624,279.272,1.927,48.452,604.24,512.0,2100.0
anticorr_q0777_tau0.03,anticorr,9899736,1,1.0000,1.0000,428.546,428.546,428.546,75.789,305.309,1.896,45.551,604.23,512.0,2100.0
anticorr_q0798_tau0,anticorr,9900000,1,0.0000,0.0000,410.409,410.409,410.409,76.031,296.720,1.999,35.659,604.25,512.0,2100.0
anticorr_q0798_tau0.01,anticorr,9899653,1,0.7000,0.0000,414.098,414.098,414.098,81.415,294.329,1.988,36.366,604.23,512.0,2100.0
anticorr_q0798_tau0.03,anticorr,9900398,1,1.0000,1.0000,417.852,417.852,417.852,81.856,298.210,2.100,35.686,604.27,512.0,2100.0
anticorr_q0804_tau0,anticorr,9900000,1,0.0000,0.0000,397.035,397.035,397.035,85.914,276.200,2.152,32.769,604.25,512.0,2100.0
anticorr_q0804_tau0.01,anticorr,9899438,1,0.8000,0.0000,406.339,406.339,406.339,70.352,292.691,1.979,41.316,604.21,512.0,2100.0
anticorr_q0804_tau0.03,anticorr,9900408,1,1.0000,1.0000,424.693,424.693,424.693,72.348,319.474,1.859,31.012,604.27,512.0,2100.0
anticorr_q0819_tau0,anticorr,9900000,1,0.0000,0.0000,438.628,438.628,438.628,84.441,322.154,1.990,30.044,604.25,512.0,2100.0
anticorr_q0819_tau0.01,anticorr,9899730,1,0.3000,0.0000,435.583,435.583,435.583,82.896,307.232,1.950,43.504,604.23,512.0,2100.0
anticorr_q0819_tau0.03,anticorr,9900218,1,1.0000,1.0000,384.090,384.090,384.090,81.228,270.396,1.911,30.554,604.26,512.0,2100.0
anticorr_q0823_tau0,anticorr,9900000,1,0.0000,0.0000,455.494,455.494,455.494,93.958,317.135,2.032,42.368,604.25,512.0,2100.0
anticorr_q0823_tau0.01,anticorr,9899861,1,0.8000,0.0000,462.982,462.982,462.982,91.303,332.414,2.005,37.260,604.24,512.0,2100.0
anticorr_q0823_tau0.03,anticorr,9899875,1,1.0000,1.0000,433.148,433.148,433.148,67.769,324.094,1.925,39.359,604.24,512.0,2100.0
anticorr_q0830_tau0,anticorr,9900000,1,0.0000,0.0000,384.780,384.780,384.780,67.714,284.294,1.968,30.803,604.25,512.0,2100.0
anticorr_q0830_tau0.01,anticorr,9899917,1,0.7000,0.0000,348.276,348.276,348.276,68.218,251.213,2.008,26.838,604.24,512.0,2100.0
anticorr_q0830_tau0.03,anticorr,9899898,1,1.0000,1.0000,413.845,413.845,413.845,69.462,308.674,1.839,33.870,604.24,512.0,2100.0
anticorr_q0835_tau0,anticorr,9900000,1,0.0000,0.0000,422.751,422.751,422.751,69.855,318.120,2.216,32.560,604.25,512.0,2100.0
anticorr_q0835_tau0.01,anticorr,9900310,1,1.0000,1.0000,388.720,388.720,388.720,83.028,275.758,1.952,27.983,604.27,512.0,2100.0
anticorr_q0835_tau0.03,anticorr,9899227,1,1.0000,1.0000,403.965,403.965,403.965,67.995,305.341,2.021,28.608,604.20,512.0,2100.0
anticorr_q0846_tau0,anticorr,9900001,1,0.0000,0.0000,398.424,398.424,398.424,67.627,295.064,2.005,33.728,604.25,512.0,2100.0
anticorr_q0846_tau0.01,anticorr,9899928,1,0.5000,0.0000,432.568,432.568,432.568,71.176,327.961,2.015,31.416,604.24,512.0,2100.0
anticorr_q0846_tau0.03,anticorr,9899958,1,1.0000,1.0000,420.326,420.326,420.326,82.729,315.801,1.933,19.863,604.25,512.0,2100.0
anticorr_q0856_tau0,anticorr,9900000,1,0.0000,0.0000,454.771,454.771,454.771,93.876,319.913,1.998,38.983,604.25,512.0,2100.0
anticorr_q0856_tau0.01,anticorr,9899480,1,0.7000,0.0000,434.361,434.361,434.361,79.091,319.465,2.013,33.793,604.22,512.0,2100.0
anticorr_q0856_tau0.03,anticorr,9900015,1,1.0000,1.0000,418.591,418.591,418.591,78.012,299.745,2.095,38.740,604.25,512.0,2100.0
anticorr_q0875_tau0,anticorr,9900000,1,0.1000,0.0000,420.041,420.041,420.041,86.294,310.958,2.052,20.736,604.25,512.0,2100.0
anticorr_q0875_tau0.01,anticorr,9900450,1,0.6000,0.0000,392.482,392.482,392.482,68.012,297.420,2.053,24.997,604.28,512.0,2100.0
anticorr_q0875_tau0.03,anticorr,9900620,1,1.0000,1.0000,386.571,386.571,386.571,76.256,288.319,1.984,20.012,604.29,512.0,2100.0
anticorr_q0886_tau0,anticorr,9900000,1,0.0000,0.0000,401.088,401.088,401.088,66.994,309.347,2.022,22.724,604.25,512.0,2100.0
anticorr_q0886_tau0.01,anticorr,9900045,1,1.0000,1.0000,394.249,394.249,394.249,86.116,283.804,1.941,22.388,604.25,512.0,2100.0
anticorr_q0886_tau0.03,anticorr,9900285,1,1.0000,1.0000,384.319,384.319,384.319,87.493,281.857,1.791,13.178,604.27,512.0,2100.0
anticorr_q0889_tau0,anticorr,9900002,1,0.0000,0.0000,390.422,390.422,390.422,71.873,289.867,1.888,26.795,604.25,512.0,2100.0
anticorr_q0889_tau0.01,anticorr,9900138,1,0.9000,0.0000,371.221,371.221,371.221,69.416,275.523,1.766,24.515,604.26,512.0,2100.0
anticorr_q0889_tau0.03,anticorr,9899382,1,1.0000,1.0000,402.047,402.047,402.047,72.047,304.114,1.791,24.095,604.21,512.0,2100.0
anticorr_q0893_tau0,anticorr,9900000,1,0.1000,0.0000,425.465,425.465,425.465,70.232,328.275,2.054,24.904,604.25,512.0,2100.0
anticorr_q0893_tau0.01,anticorr,9899771,1,1.0000,1.0000,414.258,414.258,414.258,84.204,305.703,2.018,22.333,604.23,512.0,2100.0
anticorr_q0893_tau0.03,anticorr,9899877,1,1.0000,1.0000,374.228,374.228,374.228,69.343,281.457,1.908,21.519,604.24,512.0,2100.0
anticorr_q0918_tau0,anticorr,9900000,1,0.1000,0.0000,375.587,375.587,375.587,74.310,269.174,1.989,30.114,604.25,512.0,2100.0
anticorr_q0918_tau0.01,anticorr,9900363,1,0.6000,0.0000,436.738,436.738,436.738,68.546,339.920,2.066,26.206,604.27,512.0,2100.0
anticorr_q0918_tau0.03,anticorr,9899758,1,1.0000,1.0000,448.670,448.670,448.670,89.920,330.268,2.134,26.348,604.23,512.0,2100.0
anticorr_q0922_tau0,anticorr,9900000,1,0.0000,0.0000,394.977,394.977,394.977,89.520,283.536,1.987,19.935,604.25,512.0,2100.0
anticorr_q0922_tau0.01,anticorr,9900170,1,0.7000,0.0000,419.972,419.972,419.972,72.637,328.743,2.251,16.341,604.26,512.0,2100.0
anticorr_q0922_tau0.03,anticorr,9900568,1,1.0000,1.0000,391.146,391.146,391.146,87.102,287.724,2.275,14.045,604.28,512.0,2100.0
anticorr_q0932_tau0,anticorr,9900000,1,0.0000,0.0000,380.123,380.123,380.123,85.717,276.439,1.949,16.018,604.25,512.0,2100.0
anticorr_q0932_tau0.01,anticorr,9900067,1,0.7000,0.0000,459.437,459.437,459.437,74.892,359.632,1.975,22.938,604.25,512.0,2100.0
anticorr_q0932_tau0.03,anticorr,9900145,1,1.0000,1.0000,410.325,410.325,410.325,76.391,309.990,1.759,22.185,604.26,512.0,2100.0
anticorr_q0950_tau0,anticorr,9900000,1,0.0000,0.0000,404.372,404.372,404.372,69.675,310.166,2.168,22.363,604.25,512.0,2100.0
anticorr_q0950_tau0.01,anticorr,9899997,1,0.9000,0.0000,393.635,393.635,393.635,82.815,283.138,2.144,25.537,604.25,512.0,2100.0
anticorr_q0950_tau0.03,anticorr,9899843,1,1.0000,1.0000,388.583,388.583,388.583,69.419,301.704,1.782,15.679,604.24,512.0,2100.0
anticorr_q0963_tau0,anticorr,9900001,1,0.0000,0.0000,353.966,353.966,353.966,67.888,261.821,1.923,22.334,604.25,512.0,2100.0
anticorr_q0963_tau0.01,anticorr,9899848,1,0.5000,0.0000,395.391,395.391,395.391,80.407,294.926,2.040,18.018,604.24,512.0,2100.0
anticorr_q0963_tau0.03,anticorr,9900698,1,1.0000,1.0000,391.437,391.437,391.437,67.547,305.774,2.029,16.086,604.29,512.0,2100.0
anticorr_q0964_tau0,anticorr,9900002,1,0.0000,0.0000,417.558,417.558,417.558,92.171,307.301,1.999,16.086,604.25,512.0,2100.0
anticorr_q0964_tau0.01,anticorr,9899817,1,0.8000,0.0000,380.939,380.939,380.939,79.197,285.007,1.958,14.776,604.24,512.0,2100.0
anticorr_q0964_tau0.03,anticorr,9900167,1,1.0000,1.0000,393.167,393.167,393.167,89.100,292.879,1.767,9.421,604.26,512.0,2100.0
anticorr_q0979_tau0,anticorr,9900000,1,0.1000,0.0000,397.982,397.982,397.982,84.933,297.624,1.913,13.512,604.25,512.0,2100.0
anticorr_q0979_tau0.01,anticorr,9899791,1,0.7000,0.0000,449.594,449.594,449.594,80.021,349.588,2.250,17.735,604.24,512.0,2100.0
anticorr_q0979_tau0.03,anticorr,9899513,1,1.0000,1.0000,404.237,404.237,404.237,86.571,297.678,1.898,18.090,604.22,512.0,2100.0
